Province,District,ConstituencyNumber,ConstituencyName,CandidateName,Party,Symbol
CENTRAL,CHIBOMBO,001,KATUBA,CHILANDO Moses M,NRPUP,A Lamp
CENTRAL,CHIBOMBO,001,KATUBA,KAPALASA Bampi A,IND,Spoon
CENTRAL,CHIBOMBO,001,KATUBA,MWACHIKOKA Jackson C,IND,Borehole
CENTRAL,CHIBOMBO,001,KATUBA,NKULUKUSA Mwabashike,UPND,Palm with raised thumb
CENTRAL,CHIBOMBO,001,KATUBA,SIMULYAMPONDO Mweemba,IND,Whistle
CENTRAL,CHIBOMBO,002,KEEMBE EAST,CHIMINSA Emmanuel,UPND,Palm with raised thumb
CENTRAL,CHIBOMBO,002,KEEMBE EAST,MAPUSHI Alex C,IND,Radio
CENTRAL,CHIBOMBO,002,KEEMBE EAST,MWENGE Christopher,NRPUP,A Lamp
CENTRAL,CHIBOMBO,157,KEEMBE WEST,KASUNE Princess,UPND,Palm with raised thumb
CENTRAL,CHISAMBA,003,CHISAMBA,CHOWA Martin,UPND,Palm with raised thumb
CENTRAL,CHISAMBA,003,CHISAMBA,MVULA Griffith M,SP,A Crossed Shovel and Axe
CENTRAL,CHISAMBA,003,CHISAMBA,NKONDE Stephen M,NRPUP,A Lamp
CENTRAL,CHISAMBA,158,MWOMBOSHI,BANDA Daniel M,NRPUP,A Lamp
CENTRAL,CHISAMBA,158,MWOMBOSHI,CHIBANGA Joseph,SP,A Crossed Shovel and Axe
CENTRAL,CHISAMBA,158,MWOMBOSHI,KASANDA Chushi C,UPND,Palm with raised thumb
CENTRAL,CHISAMBA,158,MWOMBOSHI,MALAMBO Justine,UPPZ,"A graduation cap, cabbage and two ca..."
CENTRAL,CHITAMBO,004,CHITAMBO,KABANDA Nelson C,NRPUP,A Lamp
CENTRAL,CHITAMBO,004,CHITAMBO,MUTALE Remember,UPND,Palm with raised thumb
CENTRAL,KABWE,006,BWACHA NORTH,CHATO Percy K,UPND,Palm with raised thumb
CENTRAL,KABWE,006,BWACHA NORTH,CHILESHE Prince,IND,Candle
CENTRAL,KABWE,006,BWACHA NORTH,MUNDU Emmanuel E,IND,Borehole
CENTRAL,KABWE,006,BWACHA NORTH,NSOFWA Gabriel B,CF,Big Tree
CENTRAL,KABWE,006,BWACHA NORTH,NYIRONGO Walinase,NRPUP,A Lamp
CENTRAL,KABWE,007,KABWE CENTRAL,BWALYA Chilufya,IND,Steering wheel
CENTRAL,KABWE,007,KABWE CENTRAL,CHISHALA Patrick B,NRPUP,A Lamp
CENTRAL,KABWE,007,KABWE CENTRAL,HALWIINDI Chrizoster P,UPND,Palm with raised thumb
CENTRAL,KABWE,007,KABWE CENTRAL,YALUMA Dorothy F,CF,Big Tree
CENTRAL,KABWE,159,BWACHA SOUTH,KOLALA Victor,NRPUP,A Lamp
CENTRAL,KABWE,159,BWACHA SOUTH,MUSHANGA Sydney,UPND,Palm with raised thumb
CENTRAL,KAPIRI MPOSHI,008,KAPIRI MPOSHI EAST,CHISENGA Victor,CF,Big Tree
CENTRAL,KAPIRI MPOSHI,008,KAPIRI MPOSHI EAST,KANGWA Godfrey C,NRPUP,A Lamp
CENTRAL,KAPIRI MPOSHI,008,KAPIRI MPOSHI EAST,LUNGU Hellen,SP,A Crossed Shovel and Axe
CENTRAL,KAPIRI MPOSHI,008,KAPIRI MPOSHI EAST,MATUTU Davison,UPND,Palm with raised thumb
CENTRAL,KAPIRI MPOSHI,008,KAPIRI MPOSHI EAST,MULENGA Blessed B,IND,Steering wheel
CENTRAL,KAPIRI MPOSHI,008,KAPIRI MPOSHI EAST,MWAMBA Gerald,IND,Plate
CENTRAL,KAPIRI MPOSHI,008,KAPIRI MPOSHI EAST,SIAME Fred J,RP,An Orange Sack Bag
CENTRAL,KAPIRI MPOSHI,008,KAPIRI MPOSHI EAST,SIINGWA Chrispin M,IND,Borehole
CENTRAL,KAPIRI MPOSHI,008,KAPIRI MPOSHI EAST,SIMWANZA Ronald,IND,Whistle
CENTRAL,KAPIRI MPOSHI,160,KAPIRI MPOSHI WEST,KAKUBO Stanley K,UPND,Palm with raised thumb
CENTRAL,KAPIRI MPOSHI,160,KAPIRI MPOSHI WEST,MUBANGA Bellington,NRPUP,A Lamp
CENTRAL,KAPIRI MPOSHI,160,KAPIRI MPOSHI WEST,MUYOWE Kelvin,IND,Borehole
CENTRAL,KAPIRI MPOSHI,160,KAPIRI MPOSHI WEST,NKAUSU Jacqueline N,IND,Spoon
CENTRAL,LUANO,009,LUANO,CHIBUYE Christopher,UPND,Palm with raised thumb
CENTRAL,LUANO,009,LUANO,CHIMASHI Joseph,IND,Candle
CENTRAL,LUANO,009,LUANO,CHISOPA Davies,NRPUP,A Lamp
CENTRAL,LUANO,009,LUANO,KAMANGA Alick,IND,Traditional Drum
CENTRAL,LUANO,009,LUANO,MWITWA Andrew,IND,Whistle
CENTRAL,MKUSHI,010,MKUSHI NORTH,KUNDA Topson P,UPND,Palm with raised thumb
CENTRAL,MKUSHI,010,MKUSHI NORTH,NYIRENDA Mabvuto,NRPUP,A Lamp
CENTRAL,MKUSHI,161,MKUSHI SOUTH,CHANGWE Lucy S,IND,Plate
CENTRAL,MKUSHI,161,MKUSHI SOUTH,CHISANGA Sydney,UPND,Palm with raised thumb
CENTRAL,MKUSHI,161,MKUSHI SOUTH,MWELWA Lawrence,NRPUP,A Lamp
CENTRAL,MKUSHI,161,MKUSHI SOUTH,SICHONE Frank,CF,Big Tree
CENTRAL,MUMBWA,011,MUMBWA CENTRAL,CHISUKU Clarence,UPND,Palm with raised thumb
CENTRAL,MUMBWA,011,MUMBWA CENTRAL,MALINDIMA John M,IND,Candle
CENTRAL,MUMBWA,012,NANGOMA,CHIBOLELA Albertina,NRPUP,A Lamp
CENTRAL,MUMBWA,012,NANGOMA,HAMUSONDE Boyd,IND,Spoon
CENTRAL,MUMBWA,012,NANGOMA,NJOBO Misheck S,SP,A Crossed Shovel and Axe
CENTRAL,MUMBWA,012,NANGOMA,NZOVU Collins,UPND,Palm with raised thumb
CENTRAL,MUMBWA,162,MUMBWA WEST,CHILONDA Stellah B,UPND,Palm with raised thumb
CENTRAL,MUMBWA,162,MUMBWA WEST,MWIINGA Lemmy,IND,Borehole
CENTRAL,MUMBWA,162,MUMBWA WEST,SAKALA Ospray,NRPUP,A Lamp
CENTRAL,NGABWE,013,LUFUBU,CHITAILA Lewis,UPND,Palm with raised thumb
CENTRAL,NGABWE,013,LUFUBU,CHIYALIKA Gift,NRPUP,A Lamp
CENTRAL,NGABWE,013,LUFUBU,VWALIKA Osward,IND,Borehole
CENTRAL,SERENJE,014,LUKUSASHI,CHUNGA Eddie M,IND,Spoon
CENTRAL,SERENJE,014,LUKUSASHI,KASONDE Chester N,NRPUP,A Lamp
CENTRAL,SERENJE,014,LUKUSASHI,MPYAKULA Andrew,UPND,Palm with raised thumb
CENTRAL,SERENJE,015,SERENJE,CHIBALE Hebban,NRPUP,A Lamp
CENTRAL,SERENJE,015,SERENJE,KANDAFULA George K,IND,Plate
CENTRAL,SERENJE,015,SERENJE,KATOMBI Friday,UPND,Palm with raised thumb
CENTRAL,SERENJE,015,SERENJE,LONGWE Horace,SP,A Crossed Shovel and Axe
CENTRAL,SERENJE,015,SERENJE,MASHAWA Aubrey,CF,Big Tree
CENTRAL,SERENJE,015,SERENJE,MULUMBA Staivous,IND,Borehole
CENTRAL,SERENJE,163,NKUNDALILA,BANDA Emmanuel,UPND,Palm with raised thumb
CENTRAL,SERENJE,163,NKUNDALILA,BANGWE Chisenga N,CF,Big Tree
CENTRAL,SERENJE,163,NKUNDALILA,CHITUPILA Timothy,IND,Plate
CENTRAL,SERENJE,163,NKUNDALILA,MWAPE Spencer,NRPUP,A Lamp
CENTRAL,SHIBUYUNJI,084,MWEMBEZHI EAST,MWAMBA Ibrahim K,IND,Steering wheel
CENTRAL,SHIBUYUNJI,084,MWEMBEZHI EAST,SHIKABWALI Ferd,UPND,Palm with raised thumb
CENTRAL,SHIBUYUNJI,164,MWEMBEZHI WEST,MILAMBO Austin C,UPND,Palm with raised thumb
CENTRAL,SHIBUYUNJI,164,MWEMBEZHI WEST,MUNANGAGWA Bernard,IND,Borehole
COPPERBELT,CHILILABOMBWE,016,CHILILABOMBWE,KABUSWE Paul C,UPND,Palm with raised thumb
COPPERBELT,CHILILABOMBWE,016,CHILILABOMBWE,LUPELE Nsofwa K,RP,An Orange Sack Bag
COPPERBELT,CHILILABOMBWE,016,CHILILABOMBWE,MWELWA Moses,IND,Borehole
COPPERBELT,CHILILABOMBWE,016,CHILILABOMBWE,NGWIRA Lottie,CF,Big Tree
COPPERBELT,CHILILABOMBWE,016,CHILILABOMBWE,SIMPAMBA Abraham,IND,Steering wheel
COPPERBELT,CHILILABOMBWE,165,KONKOLA,CHISHA Haggai,SP,A Crossed Shovel and Axe
COPPERBELT,CHILILABOMBWE,165,KONKOLA,NGOSA Roy,IND,Borehole
COPPERBELT,CHILILABOMBWE,165,KONKOLA,SICHONE Lucky,UPND,Palm with raised thumb
COPPERBELT,CHILILABOMBWE,165,KONKOLA,SIKOMBE Benjamin,IND,Candle
COPPERBELT,CHILILABOMBWE,165,KONKOLA,SIMWANDA Spolian,RP,An Orange Sack Bag
COPPERBELT,CHINGOLA,017,CHINGOLA CENTRAL,KAZHILA Joseph,UPND,Palm with raised thumb
COPPERBELT,CHINGOLA,017,CHINGOLA CENTRAL,PHIRI Michelle,NRPUP,A Lamp
COPPERBELT,CHINGOLA,018,NCHANGA,AKASHAMBATWA Franchescar,UPND,Palm with raised thumb
COPPERBELT,CHINGOLA,018,NCHANGA,CHIPOYA Rosemary R,NRPUP,A Lamp
COPPERBELT,CHINGOLA,018,NCHANGA,KAIRA Mulaza,IND,Scissors
COPPERBELT,CHINGOLA,018,NCHANGA,NKONDE Paul,CF,Big Tree
COPPERBELT,CHINGOLA,166,CHINGOLA WEST,CHANSA Borris T,NRPUP,A Lamp
COPPERBELT,CHINGOLA,166,CHINGOLA WEST,CHISHIKA Donald,IND,Spoon
COPPERBELT,CHINGOLA,166,CHINGOLA WEST,MULENGA Chipoka,UPND,Palm with raised thumb
COPPERBELT,CHINGOLA,166,CHINGOLA WEST,MWEWA Alex C,CF,Big Tree
COPPERBELT,KALULUSHI,019,KALULUSHI,BESA Benard,NRPUP,A Lamp
COPPERBELT,KALULUSHI,019,KALULUSHI,MULENGA Patrick,RP,An Orange Sack Bag
COPPERBELT,KALULUSHI,019,KALULUSHI,MULENGA Kampamba S,UPND,Palm with raised thumb
COPPERBELT,KALULUSHI,167,CHAMBISHI,CHABASANGA Sydney,IND,Keyboard
COPPERBELT,KALULUSHI,167,CHAMBISHI,CHANDA Fredrick,IND,Slasher
COPPERBELT,KALULUSHI,167,CHAMBISHI,KABWE Modestar,NRPUP,A Lamp
COPPERBELT,KALULUSHI,167,CHAMBISHI,KALETA Chikabala M,IND,Cell Battery
COPPERBELT,KALULUSHI,167,CHAMBISHI,MULENGA Rashida,UPND,Palm with raised thumb
COPPERBELT,KALULUSHI,167,CHAMBISHI,SIMWANZA Febby,IND,Borehole
COPPERBELT,KITWE,020,CHIMWEMWE,KABANGILA Chrispin,CF,Big Tree
COPPERBELT,KITWE,020,CHIMWEMWE,MAKINA Daniel C,IND,Whistle
COPPERBELT,KITWE,020,CHIMWEMWE,MWAYA Mpasa,UPND,Palm with raised thumb
COPPERBELT,KITWE,020,CHIMWEMWE,MWENYA Musenge L,NRPUP,A Lamp
COPPERBELT,KITWE,020,CHIMWEMWE,SIMWANZA Patrick J,IND,Candle
COPPERBELT,KITWE,021,KAMFINSA,CHIPILI Kelvin,NRPUP,A Lamp
COPPERBELT,KITWE,021,KAMFINSA,KYAMBAKUKA Subeta M,UPND,Palm with raised thumb
COPPERBELT,KITWE,022,KWACHA,CHIRAMBO Brian,NRPUP,A Lamp
COPPERBELT,KITWE,022,KWACHA,CHOMBA Crispin,UPND,Palm with raised thumb
COPPERBELT,KITWE,022,KWACHA,LUNGU Tom,IND,Scissors
COPPERBELT,KITWE,022,KWACHA,MULENGA Peter,IND,Whistle
COPPERBELT,KITWE,022,KWACHA,MULILO Castrol,IND,Steering wheel
COPPERBELT,KITWE,022,KWACHA,NG'AMBI Thomson,CF,Big Tree
COPPERBELT,KITWE,022,KWACHA,SIABULA Alice,SP,A Crossed Shovel and Axe
COPPERBELT,KITWE,022,KWACHA,SILUMBE Oliver,LM,The Waves
COPPERBELT,KITWE,023,NKANA,CHEWE David,IND,Traditional Drum
COPPERBELT,KITWE,023,NKANA,CHITEME Alexander,NRPUP,A Lamp
COPPERBELT,KITWE,023,NKANA,MUCHINDU Elice T,IND,Steering wheel
COPPERBELT,KITWE,023,NKANA,MUKUKA Francis,UPND,Palm with raised thumb
COPPERBELT,KITWE,024,WUSAKILE,CHIBESA Katayi,UPND,Palm with raised thumb
COPPERBELT,KITWE,024,WUSAKILE,CHIZINGA Noah F,IND,Traditional Drum
COPPERBELT,KITWE,024,WUSAKILE,KALOBO Pavyuma,NRPUP,A Lamp
COPPERBELT,KITWE,024,WUSAKILE,KAMBOYI Ricky,IND,Whistle
COPPERBELT,KITWE,024,WUSAKILE,MUMBA Ernest,CF,Big Tree
COPPERBELT,LUANSHYA,025,LUANSHYA,KAPUFI Moses,LM,The Waves
COPPERBELT,LUANSHYA,025,LUANSHYA,LUFINGA Lazarus,SP,A Crossed Shovel and Axe
COPPERBELT,LUANSHYA,025,LUANSHYA,MAMONWA George,UPND,Palm with raised thumb
COPPERBELT,LUANSHYA,025,LUANSHYA,MULENGA Golden,NRPUP,A Lamp
COPPERBELT,LUANSHYA,026,ROAN,BWALYA Justus C,IND,Spoon
COPPERBELT,LUANSHYA,026,ROAN,BWALYA Nathan C,IND,Borehole
COPPERBELT,LUANSHYA,026,ROAN,CHIBUYE Joel,UPND,Palm with raised thumb
COPPERBELT,LUANSHYA,026,ROAN,KAMBWILI Chishimba,CF,Big Tree
COPPERBELT,LUANSHYA,026,ROAN,MULEWA Desire M,SP,A Crossed Shovel and Axe
COPPERBELT,LUFWANYAMA,027,LUFWANYAMA WEST,CHILOMBO Henry,CF,Big Tree
COPPERBELT,LUFWANYAMA,027,LUFWANYAMA WEST,KALENGE Christopher,SP,A Crossed Shovel and Axe
COPPERBELT,LUFWANYAMA,027,LUFWANYAMA WEST,KAMWANGA Samalesu,IND,Plate
COPPERBELT,LUFWANYAMA,027,LUFWANYAMA WEST,KAPANDULA Edward,IND,Candle
COPPERBELT,LUFWANYAMA,027,LUFWANYAMA WEST,SIACHISUMO Kenny,UPND,Palm with raised thumb
COPPERBELT,LUFWANYAMA,168,LUFWANYAMA EAST,CHIYUKA Moses,SP,A Crossed Shovel and Axe
COPPERBELT,LUFWANYAMA,168,LUFWANYAMA EAST,MATAMBO Elisha,UPND,Palm with raised thumb
COPPERBELT,LUFWANYAMA,168,LUFWANYAMA EAST,MUNSHYA Annie,NRPUP,A Lamp
COPPERBELT,MASAITI,028,KAFULAFUTA,GRIGORAKIS Eleni E,UPND,Palm with raised thumb
COPPERBELT,MASAITI,028,KAFULAFUTA,KABAMBA Joseph,IND,Spoon
COPPERBELT,MASAITI,028,KAFULAFUTA,KALUNGA Phinias,IND,Plate
COPPERBELT,MASAITI,028,KAFULAFUTA,MATOWE Benson,IND,Whistle
COPPERBELT,MASAITI,028,KAFULAFUTA,MULEBWA Jeffrey,IND,Nail
COPPERBELT,MASAITI,028,KAFULAFUTA,NJELESANI Munshya,IND,Steering wheel
COPPERBELT,MASAITI,029,MASAITI,CHINTU Kizito,IND,Whistle
COPPERBELT,MASAITI,029,MASAITI,MALEMUNA Jackin,SP,A Crossed Shovel and Axe
COPPERBELT,MASAITI,029,MASAITI,MUKABILA Shevy,UPND,Palm with raised thumb
COPPERBELT,MASAITI,169,KALALANGABO,BWEMBYA Welcome,IND,Nail
COPPERBELT,MASAITI,169,KALALANGABO,CHUMPUKA Rose,SP,A Crossed Shovel and Axe
COPPERBELT,MASAITI,169,KALALANGABO,KATAMBO Michael Z,UPND,Palm with raised thumb
COPPERBELT,MPONGWE,030,MPONGWE WEST,KASAMBO Emmanuel,UPND,Palm with raised thumb
COPPERBELT,MPONGWE,030,MPONGWE WEST,MPONDAMALI Prestone,IND,Borehole
COPPERBELT,MPONGWE,170,MPONGWE EAST,CHIPAMU Davies,IND,Plate
COPPERBELT,MPONGWE,170,MPONGWE EAST,MAILA Keith,IND,Spoon
COPPERBELT,MPONGWE,170,MPONGWE EAST,MASANGA Emmanuel,UPND,Palm with raised thumb
COPPERBELT,MPONGWE,170,MPONGWE EAST,NGOWANI Gregory,IND,Borehole
COPPERBELT,MUFULIRA,031,KANKOYO,CHISALA Mwango,NRPUP,A Lamp
COPPERBELT,MUFULIRA,031,KANKOYO,CHOMBA Edward,IND,Borehole
COPPERBELT,MUFULIRA,031,KANKOYO,KAUMBA Clyton,ZMP,A Traditional Thatched hat
COPPERBELT,MUFULIRA,031,KANKOYO,MABETA Heartson,UPND,Palm with raised thumb
COPPERBELT,MUFULIRA,031,KANKOYO,MUSONDA Derrick,IND,Steering wheel
COPPERBELT,MUFULIRA,031,KANKOYO,NGWIRA Wisdom,IND,Plate
COPPERBELT,MUFULIRA,032,KANTANSHI,BANDA Charles,IND,Steering wheel
COPPERBELT,MUFULIRA,032,KANTANSHI,KABWE Chanda P,RP,An Orange Sack Bag
COPPERBELT,MUFULIRA,032,KANTANSHI,MUMBA Anthony C,UPND,Palm with raised thumb
COPPERBELT,MUFULIRA,032,KANTANSHI,MUSONDA Maggie,ZMP,A Traditional Thatched hat
COPPERBELT,MUFULIRA,033,MUFULIRA,BIYETE Elijah K,UPND,Palm with raised thumb
COPPERBELT,MUFULIRA,033,MUFULIRA,KASHINGA Reagan M,SP,A Crossed Shovel and Axe
COPPERBELT,MUFULIRA,033,MUFULIRA,KUNDA Chibwana,OPP,Gift Box
COPPERBELT,MUFULIRA,033,MUFULIRA,LWANDO Alex,RP,An Orange Sack Bag
COPPERBELT,MUFULIRA,033,MUFULIRA,MWANSA Penlope M,IND,Whistle
COPPERBELT,MUFULIRA,033,MUFULIRA,MWILA Golden,NRPUP,A Lamp
COPPERBELT,MUFULIRA,033,MUFULIRA,MWITWA Anna B,IND,Steering wheel
COPPERBELT,MUFULIRA,033,MUFULIRA,TCHAKANGA Christopher,CF,Big Tree
COPPERBELT,NDOLA,034,BWANA MKUBWA,CHANDA Jonas K,IND,Whistle
COPPERBELT,NDOLA,034,BWANA MKUBWA,CHIPOKA Thompson,IND,Borehole
COPPERBELT,NDOLA,034,BWANA MKUBWA,CHITI Sam,RP,An Orange Sack Bag
COPPERBELT,NDOLA,034,BWANA MKUBWA,KAPUTULA Charles,IND,Bed
COPPERBELT,NDOLA,034,BWANA MKUBWA,LUBWESHA Brown M,CF,Big Tree
COPPERBELT,NDOLA,034,BWANA MKUBWA,MWAMBAZI Warren C,UPND,Palm with raised thumb
COPPERBELT,NDOLA,034,BWANA MKUBWA,NDUMBA Benjamin,NFP,A Pot with Three Legs and cooking stick
COPPERBELT,NDOLA,035,CHIFUBU,LUBOZHA Lloyd,UPND,Palm with raised thumb
COPPERBELT,NDOLA,035,CHIFUBU,MWALE William,IND,Borehole
COPPERBELT,NDOLA,035,CHIFUBU,NG'AMBI Frank,RP,An Orange Sack Bag
COPPERBELT,NDOLA,035,CHIFUBU,NYIRENDA David,CF,Big Tree
COPPERBELT,NDOLA,035,CHIFUBU,WINGA Kondwani J,IND,Whistle
COPPERBELT,NDOLA,036,KABUSHI,CHANGWE Edgar,IND,Spoon
COPPERBELT,NDOLA,036,KABUSHI,KALASA Richard,ZMP,A Traditional Thatched hat
COPPERBELT,NDOLA,036,KABUSHI,MCHINZI Robbin,CF,Big Tree
COPPERBELT,NDOLA,036,KABUSHI,MPUPUNI Emelda S,UPND,Palm with raised thumb
COPPERBELT,NDOLA,036,KABUSHI,MWANZA Febian,RP,An Orange Sack Bag
COPPERBELT,NDOLA,036,KABUSHI,NGOSA Boyd J,IND,Whistle
COPPERBELT,NDOLA,036,KABUSHI,NGULUBE William,SP,A Crossed Shovel and Axe
COPPERBELT,NDOLA,036,KABUSHI,SICHINGA Tillas T,NRPUP,A Lamp
COPPERBELT,NDOLA,036,KABUSHI,SIMANGOLWA Mellbin M,IND,Steering wheel
COPPERBELT,NDOLA,037,NDOLA CENTRAL,CHILINDA Joseph,NRPUP,A Lamp
COPPERBELT,NDOLA,037,NDOLA CENTRAL,MULENGA Emmanuel,RP,An Orange Sack Bag
COPPERBELT,NDOLA,037,NDOLA CENTRAL,NGESA Charles C,RAP,Foot step moving forward
COPPERBELT,NDOLA,037,NDOLA CENTRAL,TAYALI Frank M,UPND,Palm with raised thumb
COPPERBELT,NDOLA,171,DAG HAMMERSKJOELD,CHISULO Friday M,IND,Steering wheel
COPPERBELT,NDOLA,171,DAG HAMMERSKJOELD,KAPEMBWA Bwalya,IND,Whistle
COPPERBELT,NDOLA,171,DAG HAMMERSKJOELD,LENGWE Lucky,LM,The Waves
COPPERBELT,NDOLA,171,DAG HAMMERSKJOELD,LIYWALI Manyando,RP,An Orange Sack Bag
COPPERBELT,NDOLA,171,DAG HAMMERSKJOELD,LUFUNDA Ernest,UPND,Palm with raised thumb
COPPERBELT,NDOLA,171,DAG HAMMERSKJOELD,MUSONDA Gilbert,IND,Traditional Drum
COPPERBELT,NDOLA,171,DAG HAMMERSKJOELD,PHIRI Fostina,CF,Big Tree
COPPERBELT,NDOLA,171,DAG HAMMERSKJOELD,SUMANI Ernest M,IND,Plate
COPPERBELT,NDOLA,171,DAG HAMMERSKJOELD,TEMBO Ezra,NRPUP,A Lamp
EASTERN,CHADIZA,038,CHADIZA WEST,DAKA Jonathan,UPND,Palm with raised thumb
EASTERN,CHADIZA,038,CHADIZA WEST,PHIRI Obet,NRPUP,A Lamp
EASTERN,CHADIZA,038,CHADIZA WEST,SAKALA Mirriam,CF,Big Tree
EASTERN,CHADIZA,172,CHADIZA EAST,BANDA Charles,NRPUP,A Lamp
EASTERN,CHADIZA,172,CHADIZA EAST,PHIRI Yamikani,UPND,Palm with raised thumb
EASTERN,CHADIZA,172,CHADIZA EAST,PHIRI Olivia,IND,Spoon
EASTERN,CHIPATA,040,CHIPATA CENTRAL,MWANZA George,UPND,Palm with raised thumb
EASTERN,CHIPATA,040,CHIPATA CENTRAL,PHIRI Ruth G,NRPUP,A Lamp
EASTERN,CHIPATA,042,LUANGENI,BANDA Maxwell,IND,Borehole
EASTERN,CHIPATA,042,LUANGENI,JERE Ronald,IND,Steering wheel
EASTERN,CHIPATA,042,LUANGENI,MOYO Moses F,UPND,Palm with raised thumb
EASTERN,CHIPATA,042,LUANGENI,MOYO Vincent,CF,Big Tree
EASTERN,CHIPATA,042,LUANGENI,PHIRI Innocent,NRPUP,A Lamp
EASTERN,CHIPATA,042,LUANGENI,SAKALA Topsy,LM,The Waves
EASTERN,CHIPATA,042,LUANGENI,ZULU Charles M,IND,Slasher
EASTERN,CHIPATA,042,LUANGENI,ZULU Ernest A,SP,A Crossed Shovel and Axe
EASTERN,CHIPATA,176,CHIPATA NORTH,NGOMA Jackson,NRPUP,A Lamp
EASTERN,CHIPATA,176,CHIPATA NORTH,PHIRI Reuben M,UPND,Palm with raised thumb
EASTERN,CHIPATA,176,CHIPATA NORTH,SAKALA Stelia,IND,Plate
EASTERN,CHIPATA,176,CHIPATA NORTH,SHAWA Rose,CF,Big Tree
EASTERN,CHIPATA,176,CHIPATA NORTH,SIMBAYAMBAYA Jason,IND,Candle
EASTERN,KATETE,043,MILANZI,BANDA Rosemary C,IND,Spoon
EASTERN,KATETE,043,MILANZI,BANDA Charles,IND,Borehole
EASTERN,KATETE,043,MILANZI,BANDA Whiteson,CF,Big Tree
EASTERN,KATETE,043,MILANZI,FUNSANI Peter B,RP,An Orange Sack Bag
EASTERN,KATETE,043,MILANZI,LUNGU Tylad,UPND,Palm with raised thumb
EASTERN,KATETE,043,MILANZI,MWALE Andrew,SP,A Crossed Shovel and Axe
EASTERN,KATETE,043,MILANZI,PHIRI Melesiana,NRPUP,A Lamp
EASTERN,KATETE,043,MILANZI,ZULU Lumankio,IND,Traditional Drum
EASTERN,KATETE,044,MKAIKA,BANDA Solomon W,IND,Plate
EASTERN,KATETE,044,MKAIKA,BANDA Zebron,IND,Television (TV)
EASTERN,KATETE,044,MKAIKA,BANDA Mustapher,NRPUP,A Lamp
EASTERN,KATETE,044,MKAIKA,MVULA Masauso,IND,Slasher
EASTERN,KATETE,044,MKAIKA,MWALE Raymond,SP,A Crossed Shovel and Axe
EASTERN,KATETE,044,MKAIKA,PHIRI Bernard N,IND,Borehole
EASTERN,KATETE,044,MKAIKA,PHIRI David B,UPND,Palm with raised thumb
EASTERN,KATETE,044,MKAIKA,PHIRI Joseph M,IND,Window
EASTERN,KATETE,044,MKAIKA,PHIRI Adamson,IND,Cell Battery
EASTERN,KATETE,044,MKAIKA,SIWIWALIONDO Alibandila,IND,Traditional Drum
EASTERN,KATETE,044,MKAIKA,ZULU Peter,IND,Whistle
EASTERN,KATETE,044,MKAIKA,ZULU Moses,IND,Radio
EASTERN,LUNDAZI,047,LUNDAZI,NYIRENDA Brenda,NRPUP,A Lamp
EASTERN,LUNDAZI,047,LUNDAZI,TEMBO Golden,UPND,Palm with raised thumb
EASTERN,MAMBWE,048,MALAMBO EAST,LUBILO Rodgers,LDP,Farmer ploughing with cattle
EASTERN,MAMBWE,048,MALAMBO EAST,LUNGU Faith,IND,Candle
EASTERN,MAMBWE,048,MALAMBO EAST,MPOSHA Mike E,UPND,Palm with raised thumb
EASTERN,MAMBWE,048,MALAMBO EAST,NGOMA Mung'omba,NRPUP,A Lamp
EASTERN,MAMBWE,179,MALAMBO WEST,BANDA Richard,CF,Big Tree
EASTERN,MAMBWE,179,MALAMBO WEST,BANDA Simon,IND,Radio
EASTERN,MAMBWE,179,MALAMBO WEST,CHULU Michael,IND,Candle
EASTERN,MAMBWE,179,MALAMBO WEST,MWALE Patrick,NRPUP,A Lamp
EASTERN,MAMBWE,179,MALAMBO WEST,NKHOMA Donald,LDP,Farmer ploughing with cattle
EASTERN,MAMBWE,179,MALAMBO WEST,PHIRI Peter S,UPND,Palm with raised thumb
EASTERN,MAMBWE,179,MALAMBO WEST,ZULU Isaac,IND,Borehole
EASTERN,NYIMBA,049,NYIMBA SOUTH,KAPANTHA Mackson C,NRPUP,A Lamp
EASTERN,NYIMBA,049,NYIMBA SOUTH,MUMBA Justine D,FDD,Three leaves on a branch
EASTERN,NYIMBA,049,NYIMBA SOUTH,MWALE Vivian M,IND,Whistle
EASTERN,NYIMBA,049,NYIMBA SOUTH,NGULUWE Besnart,IND,Window
EASTERN,NYIMBA,049,NYIMBA SOUTH,PHIRI Olipa M,UPND,Palm with raised thumb
EASTERN,NYIMBA,049,NYIMBA SOUTH,TEMBO Gadson,CF,Big Tree
EASTERN,NYIMBA,049,NYIMBA SOUTH,ZULU Fredrick C,IND,Candle
EASTERN,NYIMBA,180,NYIMBA NORTH,CHOMBO Reuben A,RP,An Orange Sack Bag
EASTERN,NYIMBA,180,NYIMBA NORTH,LUNGU Paul,NRPUP,A Lamp
EASTERN,NYIMBA,180,NYIMBA NORTH,ZULU Menyani,UPND,Palm with raised thumb
EASTERN,PETAUKE,050,KAUMBWE,LUNGU Isaac,IND,Whistle
EASTERN,PETAUKE,050,KAUMBWE,MFUNE Wezi,CF,Big Tree
EASTERN,PETAUKE,050,KAUMBWE,MUMBA Daniel,NRPUP,A Lamp
EASTERN,PETAUKE,050,KAUMBWE,MWANZA Aaron D,UPND,Palm with raised thumb
EASTERN,PETAUKE,050,KAUMBWE,TEMBO Charles,IND,Spoon
EASTERN,PETAUKE,052,PETAUKE,BANDA Vere,RP,An Orange Sack Bag
EASTERN,PETAUKE,052,PETAUKE,BANDA Pauline L,NRPUP,A Lamp
EASTERN,PETAUKE,052,PETAUKE,CHANGA Josab,IND,Borehole
EASTERN,PETAUKE,052,PETAUKE,LUNGU Severian,UPND,Palm with raised thumb
EASTERN,SINDA,053,KAPOCHE,KAIMBA Enock,RP,An Orange Sack Bag
EASTERN,SINDA,053,KAPOCHE,LUNGU Luckson M,UPND,Palm with raised thumb
EASTERN,SINDA,053,KAPOCHE,MITI Steven,IND,Borehole
EASTERN,SINDA,053,KAPOCHE,PHIRI Julius G,IND,Traditional Drum
EASTERN,SINDA,054,SINDA,PHIRI Manda,NRPUP,A Lamp
EASTERN,SINDA,054,SINDA,TEMBO Masauso K,UPND,Palm with raised thumb
EASTERN,VUBWI,055,VUBWI,BANDA Ackleo I,UPND,Palm with raised thumb
EASTERN,VUBWI,055,VUBWI,BANDA Alex P,UPPZ,"A graduation cap, cabbage and two ca..."
EASTERN,VUBWI,055,VUBWI,MITI Margaret,NRPUP,A Lamp
EASTERN,VUBWI,055,VUBWI,ZULU Bathromew,PP,Yellow Envelope
EASTERN,CHASEFU,045,CHASEFU SOUTH,LUNGU Mwabi,NRPUP,A Lamp
EASTERN,CHASEFU,045,CHASEFU SOUTH,MOYO Hinx,SP,A Crossed Shovel and Axe
EASTERN,CHASEFU,045,CHASEFU SOUTH,MTONGA Baison,IND,Borehole
EASTERN,CHASEFU,045,CHASEFU SOUTH,NGULUBE Isaac,CF,Big Tree
EASTERN,CHASEFU,045,CHASEFU SOUTH,NYAMBOSE Misheck,UPND,Palm with raised thumb
EASTERN,CHASEFU,045,CHASEFU SOUTH,ZIMBA Gerald G,IND,Traditional Drum
EASTERN,CHASEFU,174,CHASEFU NORTH,CHIPETA Towani R,IND,Traditional Drum
EASTERN,CHASEFU,174,CHASEFU NORTH,CHISI Mabelenga,NRPUP,A Lamp
EASTERN,CHASEFU,174,CHASEFU NORTH,MUYUMBA Victor,UPND,Palm with raised thumb
EASTERN,CHIPANGALI,039,CHIPANGALI EAST,LUBUSHA Andrew Z,UPND,Palm with raised thumb
EASTERN,CHIPANGALI,039,CHIPANGALI EAST,PHIRI Chibesa,NRPUP,A Lamp
EASTERN,CHIPANGALI,175,CHIPANGALI WEST,MBEWE Zacheus,CF,Big Tree
EASTERN,CHIPANGALI,175,CHIPANGALI WEST,MWALE Vincent,IND,Borehole
EASTERN,CHIPANGALI,175,CHIPANGALI WEST,NKHOMA Maxson K,NRPUP,A Lamp
EASTERN,CHIPANGALI,175,CHIPANGALI WEST,PHIRI Harrison,UPND,Palm with raised thumb
EASTERN,KASENENGWA,041,KASENENGWA,MWALE Joseph,IND,Spoon
EASTERN,KASENENGWA,041,KASENENGWA,NGOMA Jaston,IND,Radio
EASTERN,KASENENGWA,041,KASENENGWA,PHIRI William,IND,Plate
EASTERN,KASENENGWA,041,KASENENGWA,TEMBO Elias,IND,Scissors
EASTERN,KASENENGWA,041,KASENENGWA,TWASA Phillimon,NRPUP,A Lamp
EASTERN,KASENENGWA,041,KASENENGWA,ZIWA Levison,UPND,Palm with raised thumb
EASTERN,KASENENGWA,041,KASENENGWA,ZULU Joseph D,ZMP,A Traditional Thatched hat
EASTERN,LUMEZI,177,LUMEZI SOUTH,BANDA Goodson,RP,An Orange Sack Bag
EASTERN,LUMEZI,177,LUMEZI SOUTH,CHIBESA Paul,UPPZ,"A graduation cap, cabbage and two ca..."
EASTERN,LUMEZI,177,LUMEZI SOUTH,CHITSULO Zelipa,CF,Big Tree
EASTERN,LUMEZI,177,LUMEZI SOUTH,KAMANGA Francis K,IND,Traditional Drum
EASTERN,LUMEZI,177,LUMEZI SOUTH,MWALE Oliver,NRPUP,A Lamp
EASTERN,LUMEZI,177,LUMEZI SOUTH,MWANZA Pilila G,SP,A Crossed Shovel and Axe
EASTERN,LUMEZI,177,LUMEZI SOUTH,NGOMA Lufeyo,UPND,Palm with raised thumb
EASTERN,LUSANGAZI,051,MSANZALA,BANDA Nelson,NRPUP,A Lamp
EASTERN,LUSANGAZI,051,MSANZALA,DAKA Elias,UPND,Palm with raised thumb
EASTERN,LUSANGAZI,051,MSANZALA,MUMBA Amon,IND,Slasher
EASTERN,LUSANGAZI,051,MSANZALA,MWALE Mailos,SP,A Crossed Shovel and Axe
EASTERN,LUSANGAZI,051,MSANZALA,TEMBO Rasford,RP,An Orange Sack Bag
EASTERN,LUSANGAZI,178,LUSANGAZI CENTRAL,BANDA Chelelani,CF,Big Tree
EASTERN,LUSANGAZI,178,LUSANGAZI CENTRAL,BANDA Joseph,IND,Traditional Drum
EASTERN,LUSANGAZI,178,LUSANGAZI CENTRAL,LUNGU Douglas,UPND,Palm with raised thumb
EASTERN,LUSANGAZI,178,LUSANGAZI CENTRAL,MAUMBA Usuman,NRPUP,A Lamp
EASTERN,LUSANGAZI,178,LUSANGAZI CENTRAL,MWANZA Clement,IND,Borehole
EASTERN,CHAMA,085,CHAMA NORTH,GOMA Cacious,CF,Big Tree
EASTERN,CHAMA,085,CHAMA NORTH,MFUNE Brain,LM,The Waves
EASTERN,CHAMA,085,CHAMA NORTH,MUNG'ANDU Davison,UPND,Palm with raised thumb
EASTERN,CHAMA,085,CHAMA NORTH,NJOBVU Benson,NRPUP,A Lamp
EASTERN,CHAMA,085,CHAMA NORTH,NYIMBILI Philimon A,IND,Radio
EASTERN,CHAMA,086,CHAMA SOUTH,LUNGU George,NRPUP,A Lamp
EASTERN,CHAMA,086,CHAMA SOUTH,MTEUKA Yobe K,SP,A Crossed Shovel and Axe
EASTERN,CHAMA,086,CHAMA SOUTH,MVULA Elijah D,UPND,Palm with raised thumb
EASTERN,CHAMA,086,CHAMA SOUTH,NKHATA Jerrix,IND,Nail
EASTERN,CHAMA,086,CHAMA SOUTH,PHIRI Daniel,IND,Borehole
EASTERN,CHAMA,173,CHAMA CENTRAL,CHITALU Frynary J,IND,Knife
EASTERN,CHAMA,173,CHAMA CENTRAL,GOMA Simon G,UPND,Palm with raised thumb
EASTERN,CHAMA,173,CHAMA CENTRAL,MTAYACHALO Yotam,NRPUP,A Lamp
LUAPULA,CHEMBE,056,CHEMBE,BWANGA John I,IND,Borehole
LUAPULA,CHEMBE,056,CHEMBE,CHILEMU Maxwell,CF,Big Tree
LUAPULA,CHEMBE,056,CHEMBE,CHOMBA Kasongo,NRPUP,A Lamp
LUAPULA,CHEMBE,056,CHEMBE,MPUNDU Cliff M,UPND,Palm with raised thumb
LUAPULA,CHIENGE,057,CHIENGE,CHISULO Fabiano M,IND,Borehole
LUAPULA,CHIENGE,057,CHIENGE,KAFWANKA Ibn,NRPUP,A Lamp
LUAPULA,CHIENGE,057,CHIENGE,MUSANGU Favourite,UPND,Palm with raised thumb
LUAPULA,CHIENGE,057,CHIENGE,MWAPE Luckson M,IND,Candle
LUAPULA,CHIENGE,181,KALUNGWISHI,CHANSA Grandwell,IND,Borehole
LUAPULA,CHIENGE,181,KALUNGWISHI,CHIPOTA Christine P,NRPUP,A Lamp
LUAPULA,CHIENGE,181,KALUNGWISHI,MUONGA David C,LM,The Waves
LUAPULA,CHIENGE,181,KALUNGWISHI,MUSHOTA Diamond,UPND,Palm with raised thumb
LUAPULA,CHIENGE,181,KALUNGWISHI,MWILA Lameck,CF,Big Tree
LUAPULA,CHIPILI,058,CHIPILI,CHIPULU Stephen,ZMP,A Traditional Thatched hat
LUAPULA,CHIPILI,058,CHIPILI,LUMBETA Donald,UPND,Palm with raised thumb
LUAPULA,CHIPILI,058,CHIPILI,MUSONDA Robert,CF,Big Tree
LUAPULA,CHIPILI,058,CHIPILI,MWEWA Norryce,RP,An Orange Sack Bag
LUAPULA,CHIPILI,058,CHIPILI,MWILA Davies,NRPUP,A Lamp
LUAPULA,KAWAMBWA,059,KAWAMBWA,CHAFUMAMPUNDA Chishimba G,CF,Big Tree
LUAPULA,KAWAMBWA,059,KAWAMBWA,KAPAMBWE Kennedy,SP,A Crossed Shovel and Axe
LUAPULA,KAWAMBWA,059,KAWAMBWA,MUSONDA Nason,UPND,Palm with raised thumb
LUAPULA,KAWAMBWA,059,KAWAMBWA,MWANSA Danstan,NRPUP,A Lamp
LUAPULA,KAWAMBWA,060,PAMBASHE,CHAMA Derick,MEE,An African Broom Held Between Two ...
LUAPULA,KAWAMBWA,060,PAMBASHE,CHITIKA Elizabeth K,NNP,New Nation Party Headquarters
LUAPULA,KAWAMBWA,060,PAMBASHE,KATABWA Wesley,CF,Big Tree
LUAPULA,KAWAMBWA,060,PAMBASHE,MPASA Ivo,UPND,Palm with raised thumb
LUAPULA,KAWAMBWA,060,PAMBASHE,MWENYA Williams,NRPUP,A Lamp
LUAPULA,KAWAMBWA,183,LUONGO,CHILANDO Isidore,IND,Candle
LUAPULA,KAWAMBWA,183,LUONGO,KANUNSHA Honorato,DU,A Jar of Honey
LUAPULA,KAWAMBWA,183,LUONGO,KAPEMA Justine,UPND,Palm with raised thumb
LUAPULA,KAWAMBWA,183,LUONGO,KAYUMBA Ezekiel,CF,Big Tree
LUAPULA,KAWAMBWA,183,LUONGO,MULENGA Geoffrey,NRPUP,A Lamp
LUAPULA,LUNGA,061,LUAPULA,BWALYA Hagguy M,IND,Scissors
LUAPULA,LUNGA,061,LUAPULA,BWALYA Nason,NRPUP,A Lamp
LUAPULA,LUNGA,061,LUAPULA,KABAMBA Benjamin,CF,Big Tree
LUAPULA,LUNGA,061,LUAPULA,KAYA Beauty,UPND,Palm with raised thumb
LUAPULA,MANSA,062,BAHATI,CHIBOMBWE Leevan,UPND,Palm with raised thumb
LUAPULA,MANSA,062,BAHATI,CHOMBA Mwenya,CF,Big Tree
LUAPULA,MANSA,062,BAHATI,KALUMBA Honest,IND,Plate
LUAPULA,MANSA,062,BAHATI,KAWEME Sydney P,NRPUP,A Lamp
LUAPULA,MANSA,062,BAHATI,LUSAKA Anthony M,ZMP,A Traditional Thatched hat
LUAPULA,MANSA,062,BAHATI,MWEWA Augustine,IND,Steering wheel
LUAPULA,MANSA,063,MANSA WEST,CHALWE Charles,NRPUP,A Lamp
LUAPULA,MANSA,063,MANSA WEST,CHILUFYA Chitalu,IND,Candle
LUAPULA,MANSA,063,MANSA WEST,KASEKETI Davies K,UPPZ,"A graduation cap, cabbage and two ca..."
LUAPULA,MANSA,063,MANSA WEST,KATWAI Mathews,CF,Big Tree
LUAPULA,MANSA,063,MANSA WEST,KAUNDA Kelvin M,ZMP,A Traditional Thatched hat
LUAPULA,MANSA,063,MANSA WEST,MUSUKU Njikho,UPND,Palm with raised thumb
LUAPULA,MANSA,063,MANSA WEST,MWAPE Sims,RP,An Orange Sack Bag
LUAPULA,MANSA,063,MANSA WEST,SIMPEMBA Stephen,SP,A Crossed Shovel and Axe
LUAPULA,MANSA,184,MANSA EAST,CHUNGU Godfrey A,CF,Big Tree
LUAPULA,MANSA,184,MANSA EAST,MWEWA Gibson C,IND,Steering wheel
LUAPULA,MANSA,184,MANSA EAST,SIMWAYI Webby,NRPUP,A Lamp
LUAPULA,MANSA,184,MANSA EAST,SOKO Lorrettah,LM,The Waves
LUAPULA,MANSA,184,MANSA EAST,ZALOUMIS Brenda K,UPND,Palm with raised thumb
LUAPULA,MILENGE,064,MILENGE,CHONDE Gystave,NRPUP,A Lamp
LUAPULA,MILENGE,064,MILENGE,KANENGO Benard,UPND,Palm with raised thumb
LUAPULA,MILENGE,064,MILENGE,MUTALE Allan,IND,Radio
LUAPULA,MWANSABOMBWE,065,MWANSABOMBWE,CHUNGU Terrioh M,UPND,Palm with raised thumb
LUAPULA,MWANSABOMBWE,065,MWANSABOMBWE,KAMPAMPI Kabaso,NRPUP,A Lamp
LUAPULA,MWANSABOMBWE,065,MWANSABOMBWE,KATULWENDE Chabala M,CF,Big Tree
LUAPULA,MWANSABOMBWE,065,MWANSABOMBWE,MWEWA John,SP,A Crossed Shovel and Axe
LUAPULA,MWENSE,066,MAMBILIMA,CHISENGA Jean N,NRPUP,A Lamp
LUAPULA,MWENSE,066,MAMBILIMA,KASHIBA Mumpanshya N,UPND,Palm with raised thumb
LUAPULA,MWENSE,066,MAMBILIMA,MWABA James J,IND,Candle
LUAPULA,MWENSE,067,MWENSE,CHIBWE Dickens,CF,Big Tree
LUAPULA,MWENSE,067,MWENSE,KABASO James,LM,The Waves
LUAPULA,MWENSE,067,MWENSE,KATEKA Victor,ZMP,A Traditional Thatched hat
LUAPULA,MWENSE,067,MWENSE,MABUMBA David,NRPUP,A Lamp
LUAPULA,MWENSE,067,MWENSE,MULALA Susan,UPND,Palm with raised thumb
LUAPULA,MWENSE,067,MWENSE,MWALE Jonas C,SP,A Crossed Shovel and Axe
LUAPULA,NCHELENGE,068,NCHELENGE,CHISHA Teddy M,SP,A Crossed Shovel and Axe
LUAPULA,NCHELENGE,068,NCHELENGE,CHISHIMBA Wellington,NRPUP,A Lamp
LUAPULA,NCHELENGE,068,NCHELENGE,KABWE Bwalya M,RP,An Orange Sack Bag
LUAPULA,NCHELENGE,068,NCHELENGE,MALAMA Anthony B,CDP,Red Breasted Bream Fish
LUAPULA,NCHELENGE,068,NCHELENGE,MUTAMBALA Charles M,ZWW,Copper Trumpet
LUAPULA,NCHELENGE,068,NCHELENGE,MWALE Simon,UPND,Palm with raised thumb
LUAPULA,NCHELENGE,068,NCHELENGE,MWAPE Isaac,CF,Big Tree
LUAPULA,NCHELENGE,185,MWERU,CHABALA Justine,RP,An Orange Sack Bag
LUAPULA,NCHELENGE,185,MWERU,CHISHIBA Jacob,IND,Spoon
LUAPULA,NCHELENGE,185,MWERU,MONTA Godfrey M,NRPUP,A Lamp
LUAPULA,NCHELENGE,185,MWERU,MULWANDA Lesley,UPND,Palm with raised thumb
LUAPULA,SAMFYA,069,BANGWEULU,CHABALA Moses,ZMP,A Traditional Thatched hat
LUAPULA,SAMFYA,069,BANGWEULU,CHAMA Reuben,IND,Candle
LUAPULA,SAMFYA,069,BANGWEULU,CHANDA Derick,CF,Big Tree
LUAPULA,SAMFYA,069,BANGWEULU,KASANDWE Anthony,NRPUP,A Lamp
LUAPULA,SAMFYA,069,BANGWEULU,MAMPA Happy D,UPND,Palm with raised thumb
LUAPULA,CHIFUNABULI,070,CHIFUNABULI SOUTH,KALUBA William,CDP,Red Breasted Bream Fish
LUAPULA,CHIFUNABULI,070,CHIFUNABULI SOUTH,KAPALA Peter C,UPND,Palm with raised thumb
LUAPULA,CHIFUNABULI,070,CHIFUNABULI SOUTH,LUNSONGA Patricia M,SP,A Crossed Shovel and Axe
LUAPULA,CHIFUNABULI,070,CHIFUNABULI SOUTH,MPESWE Edward J,NRPUP,A Lamp
LUAPULA,CHIFUNABULI,182,CHIFUNABULI NORTH,KAUSENI Raphael M,CF,Big Tree
LUAPULA,CHIFUNABULI,182,CHIFUNABULI NORTH,MUSUNGA Bruce,SP,A Crossed Shovel and Axe
LUAPULA,CHIFUNABULI,182,CHIFUNABULI NORTH,NKONGE Justine N,UPND,Palm with raised thumb
LUAPULA,CHIFUNABULI,182,CHIFUNABULI NORTH,NYEMBA Julien,NRPUP,A Lamp
LUSAKA,CHILANGA,071,CHILANGA SOUTH,BROWN Annie P,NRPUP,A Lamp
LUSAKA,CHILANGA,071,CHILANGA SOUTH,LANGA Maria P,IND,Borehole
LUSAKA,CHILANGA,071,CHILANGA SOUTH,MUTALE Sylvia B,IND,Candle
LUSAKA,CHILANGA,071,CHILANGA SOUTH,SITUMBEKO Ngenda,UPND,Palm with raised thumb
LUSAKA,CHILANGA,186,CHILANGA NORTH,CHISANGU Liato,IND,Spoon
LUSAKA,CHILANGA,186,CHILANGA NORTH,HLAZO Sipho,UPND,Palm with raised thumb
LUSAKA,CHILANGA,186,CHILANGA NORTH,KALYANGU Kapepe,IND,Scissors
LUSAKA,CHILANGA,186,CHILANGA NORTH,MPANDE David,IND,Whistle
LUSAKA,CHILANGA,186,CHILANGA NORTH,MULENGA Mulenga C,IND,Slasher
LUSAKA,CHILANGA,186,CHILANGA NORTH,MWEWA Maureen,NRPUP,A Lamp
LUSAKA,CHILANGA,186,CHILANGA NORTH,NYIRENDA Guess,IND,Candle
LUSAKA,CHONGWE,073,CHONGWE EAST,CHUMBWE Geoffrey,NRPUP,A Lamp
LUSAKA,CHONGWE,073,CHONGWE EAST,KAMANGA Anita,IND,Plate
LUSAKA,CHONGWE,073,CHONGWE EAST,MASEBO Sylvia T,UPND,Palm with raised thumb
LUSAKA,CHONGWE,073,CHONGWE EAST,MWANZA Robster,RP,An Orange Sack Bag
LUSAKA,CHONGWE,187,CHONGWE WEST,CHALOBA Mwilah,IND,Whistle
LUSAKA,CHONGWE,187,CHONGWE WEST,CHASHA Martin L,UPND,Palm with raised thumb
LUSAKA,CHONGWE,187,CHONGWE WEST,CHULU Osward,IND,Radio
LUSAKA,CHONGWE,187,CHONGWE WEST,DEKA Bernadette,IND,Plate
LUSAKA,CHONGWE,187,CHONGWE WEST,HAPUNDA Brian,SP,A Crossed Shovel and Axe
LUSAKA,CHONGWE,187,CHONGWE WEST,LWANDO Lee M,IND,Traditional Drum
LUSAKA,CHONGWE,187,CHONGWE WEST,MTONGA Remember,CF,Big Tree
LUSAKA,CHONGWE,187,CHONGWE WEST,MUKEFUWA Sydney B,NRPUP,A Lamp
LUSAKA,CHONGWE,187,CHONGWE WEST,MULEMBA Alexious T,IND,Steering wheel
LUSAKA,CHONGWE,187,CHONGWE WEST,NKOMESHYA Cholwe H,IND,Spoon
LUSAKA,CHONGWE,187,CHONGWE WEST,VUNDA Kachele M,IND,Borehole
LUSAKA,KAFUE,074,KAFUE WEST,CHONGU Maxwell,CF,Big Tree
LUSAKA,KAFUE,074,KAFUE WEST,LUNGU Charles,NRPUP,A Lamp
LUSAKA,KAFUE,074,KAFUE WEST,MWALITETA Obvious S,UPND,Palm with raised thumb
LUSAKA,KAFUE,074,KAFUE WEST,NJEKWA Mulemwa C,IND,Traditional Drum
LUSAKA,KAFUE,074,KAFUE WEST,SINKALA Gibson S,IND,Steering wheel
LUSAKA,KAFUE,188,KAFUE EAST,MALAMBO Buumba,UPND,Palm with raised thumb
LUSAKA,KAFUE,188,KAFUE EAST,SICHILONGO Daniel C,NRPUP,A Lamp
LUSAKA,KAFUE,188,KAFUE EAST,SINKALA Pride M,IND,Borehole
LUSAKA,LUANGWA,075,FEIRA,FELEMENGA Joseph,IND,Steering wheel
LUSAKA,LUANGWA,075,FEIRA,MAKAYI Danford,UPND,Palm with raised thumb
LUSAKA,LUANGWA,075,FEIRA,NKHUWA Fatima,IND,Borehole
LUSAKA,LUANGWA,075,FEIRA,TEMBO Emmanuel,NRPUP,A Lamp
LUSAKA,LUANGWA,075,FEIRA,TEMBO Bruno,SP,A Crossed Shovel and Axe
LUSAKA,LUSAKA,076,CHAWAMA,KABUNGO Beatrice C,IND,Whistle
LUSAKA,LUSAKA,076,CHAWAMA,MUSUKUMA Ntazana M,LM,The Waves
LUSAKA,LUSAKA,076,CHAWAMA,MUTETE Mohammad,NRPUP,A Lamp
LUSAKA,LUSAKA,076,CHAWAMA,NG'ANDU Abel,UPND,Palm with raised thumb
LUSAKA,LUSAKA,076,CHAWAMA,NUNDWE Bright B,RP,An Orange Sack Bag
LUSAKA,LUSAKA,076,CHAWAMA,PHIRI James,CF,Big Tree
LUSAKA,LUSAKA,077,KABWATA,CHANSA Chisanga Q,IND,Radio
LUSAKA,LUSAKA,077,KABWATA,KASONGO Patson C,LM,The Waves
LUSAKA,LUSAKA,077,KABWATA,MAWELE Joshua,PEP,A united family standing on the globe
LUSAKA,LUSAKA,077,KABWATA,MBEBA Brian J,IND,Steering wheel
LUSAKA,LUSAKA,077,KABWATA,MBEWE Euphrasia,IND,Candle
LUSAKA,LUSAKA,077,KABWATA,MUBANGA Francis N,CF,Big Tree
LUSAKA,LUSAKA,077,KABWATA,MULABE Mike,IND,Plate
LUSAKA,LUSAKA,077,KABWATA,SIMATAA Mainda,IND,Whistle
LUSAKA,LUSAKA,077,KABWATA,TAYENGWA Andrew,UPND,Palm with raised thumb
LUSAKA,LUSAKA,077,KABWATA,YENGA Danny,NRPUP,A Lamp
LUSAKA,LUSAKA,078,KANYAMA,BILUMBA Brighton C,SP,A Crossed Shovel and Axe
LUSAKA,LUSAKA,078,KANYAMA,(name obscured by watermark) Joseph,IND,Steering wheel
LUSAKA,LUSAKA,078,KANYAMA,(name obscured by watermark) Muhammed K,NRPUP,A Lamp
LUSAKA,LUSAKA,078,KANYAMA,HAMAAMBO Cleopatra M,UPND,Palm with raised thumb
LUSAKA,LUSAKA,078,KANYAMA,MAYANDA Etwell,IND,Borehole
LUSAKA,LUSAKA,078,KANYAMA,MOYO Thomas,ZMP,A Traditional Thatched hat
LUSAKA,LUSAKA,078,KANYAMA,MUBANGA Patrick M,CF,Big Tree
LUSAKA,LUSAKA,078,KANYAMA,MUNUNKA Brian C,RP,An Orange Sack Bag
LUSAKA,LUSAKA,078,KANYAMA,MUSENGE Wallace,IND,Plate
LUSAKA,LUSAKA,078,KANYAMA,NYIRENDA Mwakawaza S,IND,Traditional Drum
LUSAKA,LUSAKA,078,KANYAMA,SINYANGWE Brown,LM,The Waves
LUSAKA,LUSAKA,079,LUSAKA CENTRAL,BWANGA Mwila C,IND,Whistle
LUSAKA,LUSAKA,079,LUSAKA CENTRAL,KAPUI Morgan M,CF,Big Tree
LUSAKA,LUSAKA,079,LUSAKA CENTRAL,LUMPA Charity C,RP,An Orange Sack Bag
LUSAKA,LUSAKA,079,LUSAKA CENTRAL,MLEWA Msaiwale J,UPND,Palm with raised thumb
LUSAKA,LUSAKA,079,LUSAKA CENTRAL,MWANZA Simon,CDP,Red Breasted Bream Fish
LUSAKA,LUSAKA,079,LUSAKA CENTRAL,NSUNGE Andrew N,IND,Plate
LUSAKA,LUSAKA,079,LUSAKA CENTRAL,PHIRI Balwin,IND,Traditional Drum
LUSAKA,LUSAKA,079,LUSAKA CENTRAL,SIAME Philip,IND,Borehole
LUSAKA,LUSAKA,079,LUSAKA CENTRAL,SIKAZWE Moses,IND,Candle
LUSAKA,LUSAKA,079,LUSAKA CENTRAL,ZULU Dabwitso C,IND,Radio
LUSAKA,LUSAKA,080,MANDEVU,BANDA Adrian,IND,Steering wheel
LUSAKA,LUSAKA,080,MANDEVU,CHAIKATISHA Chanda,IND,Borehole
LUSAKA,LUSAKA,080,MANDEVU,CHISENGA Daniel,IND,Whistle
LUSAKA,LUSAKA,080,MANDEVU,DAKA Daniel,IND,Scissors
LUSAKA,LUSAKA,080,MANDEVU,KAPATA Jean,RP,An Orange Sack Bag
LUSAKA,LUSAKA,080,MANDEVU,MUMBA Solomon,PP,Yellow Envelope
LUSAKA,LUSAKA,080,MANDEVU,MWABA Teddy C,SP,A Crossed Shovel and Axe
LUSAKA,LUSAKA,080,MANDEVU,MWALE Steven,CF,Big Tree
LUSAKA,LUSAKA,080,MANDEVU,SHAKAFUSWA Christopher,UPND,Palm with raised thumb
LUSAKA,LUSAKA,080,MANDEVU,SHAWA Charity,IND,Keyboard
LUSAKA,LUSAKA,081,MATERO,CHINYANTA Annie B,IND,Spoon
LUSAKA,LUSAKA,081,MATERO,MINYOI Munalula,SP,A Crossed Shovel and Axe
LUSAKA,LUSAKA,081,MATERO,SAKALA Alexander M,UPND,Palm with raised thumb
LUSAKA,LUSAKA,081,MATERO,SALUBUSA Patrick M,RP,An Orange Sack Bag
LUSAKA,LUSAKA,082,MUNALI,(name obscured by watermark) Chrispin,RP,An Orange Sack Bag
LUSAKA,LUSAKA,082,MUNALI,(name obscured by watermark) M,IND,Steering wheel
LUSAKA,LUSAKA,082,MUNALI,(name obscured by watermark) Anwa V,SP,A Crossed Shovel and Axe
LUSAKA,LUSAKA,082,MUNALI,(name obscured by watermark),IND,Whistle
LUSAKA,LUSAKA,082,MUNALI,(name obscured by watermark) Mwenya R,CF,Big Tree
LUSAKA,LUSAKA,082,MUNALI,(name obscured by watermark),IND,Borehole
LUSAKA,LUSAKA,082,MUNALI,(name obscured by watermark) Agaton M,IND,Traditional Drum
LUSAKA,LUSAKA,082,MUNALI,PHIRI Daniel,ZMP,A Traditional Thatched hat
LUSAKA,LUSAKA,082,MUNALI,SEMBA Chimbalanga,IND,Plate
LUSAKA,LUSAKA,082,MUNALI,SIPALO Thomas,UPND,Palm with raised thumb
LUSAKA,LUSAKA,189,MAKENI,CHANGWEREZA Chrisantius,IND,Scissors
LUSAKA,LUSAKA,189,MAKENI,CHIKWANDA Patrick,IND,Whistle
LUSAKA,LUSAKA,189,MAKENI,CHIYABA Sydney,DNP,Food on a plate
LUSAKA,LUSAKA,189,MAKENI,HACHOOMBWA Beene,UPND,Palm with raised thumb
LUSAKA,LUSAKA,189,MAKENI,HAKACHIMA Kavumbu,RP,An Orange Sack Bag
LUSAKA,LUSAKA,189,MAKENI,KALUBA Lucky,IND,Borehole
LUSAKA,LUSAKA,189,MAKENI,MANDALA Kululeko,IND,Nail
LUSAKA,LUSAKA,189,MAKENI,MULENGA Harriet B,SP,A Crossed Shovel and Axe
LUSAKA,LUSAKA,189,MAKENI,MUSONDA John M,CF,Big Tree
LUSAKA,LUSAKA,189,MAKENI,MWITUMWA Mollen,IND,Steering wheel
LUSAKA,LUSAKA,189,MAKENI,PHIRI Steven J,IND,Plate
LUSAKA,LUSAKA,189,MAKENI,PHIRI Austin D,NRPUP,A Lamp
LUSAKA,LUSAKA,190,ROMA,BANDA Tobias T,IND,Steering wheel
LUSAKA,LUSAKA,190,ROMA,CHANSA Robert,CF,Big Tree
LUSAKA,LUSAKA,190,ROMA,CHITANGALA Chilando N,RP,An Orange Sack Bag
LUSAKA,LUSAKA,190,ROMA,CHUNGU Zhane M,SP,A Crossed Shovel and Axe
LUSAKA,LUSAKA,190,ROMA,KASIKILI Ross J,UPND,Palm with raised thumb
LUSAKA,LUSAKA,190,ROMA,MULENGA Francis M,IND,Borehole
LUSAKA,LUSAKA,190,ROMA,MWENYA Gilead LC,IND,Candle
LUSAKA,LUSAKA,190,ROMA,TEMBO Sean E,IND,Spoon
LUSAKA,LUSAKA,191,LIMA,KAUNDA Kelvin,NRPUP,A Lamp
LUSAKA,LUSAKA,191,LIMA,MARAMWIDZE Barbra C,SP,A Crossed Shovel and Axe
LUSAKA,LUSAKA,191,LIMA,MUKUPA Lee K,UPND,Palm with raised thumb
LUSAKA,LUSAKA,191,LIMA,SINYANGWE Moffat,ZMP,A Traditional Thatched hat
LUSAKA,RUFUNSA,083,RUFUNSA,GUMBI Dumisani,NRPUP,A Lamp
LUSAKA,RUFUNSA,083,RUFUNSA,JILOWA Francis,SP,A Crossed Shovel and Axe
LUSAKA,RUFUNSA,083,RUFUNSA,MULYATA Sheal S,UPND,Palm with raised thumb
LUSAKA,RUFUNSA,083,RUFUNSA,MUMBA Patson J,IND,Borehole
MUCHINGA,CHINSALI,087,CHINSALI CENTRAL,CHANDA Mwansa,NRPUP,A Lamp
MUCHINGA,CHINSALI,087,CHINSALI CENTRAL,CHOLA Gift B,CF,Big Tree
MUCHINGA,CHINSALI,087,CHINSALI CENTRAL,KANGWA Mubanga P,SP,A Crossed Shovel and Axe
MUCHINGA,CHINSALI,087,CHINSALI CENTRAL,KATONGO Joseph N,RP,An Orange Sack Bag
MUCHINGA,CHINSALI,087,CHINSALI CENTRAL,MULENGA Christopher C,UPND,Palm with raised thumb
MUCHINGA,CHINSALI,192,CHILINDA,CHINTU Vincent,CF,Big Tree
MUCHINGA,CHINSALI,192,CHILINDA,MUKONDO Ian,SP,A Crossed Shovel and Axe
MUCHINGA,CHINSALI,192,CHILINDA,MUKOSA Kalalwe A,NRPUP,A Lamp
MUCHINGA,CHINSALI,192,CHILINDA,MUKUKA Lucy,UPND,Palm with raised thumb
MUCHINGA,CHINSALI,192,CHILINDA,SAMPA Caspian F,IND,Spoon
MUCHINGA,CHINSALI,192,CHILINDA,SINYANGWE Alex,RP,An Orange Sack Bag
MUCHINGA,ISOKA,088,ISOKA,NAKAPONDA Marjorie,UPND,Palm with raised thumb
MUCHINGA,ISOKA,088,ISOKA,SICHONE Malozo,NRPUP,A Lamp
MUCHINGA,ISOKA,088,ISOKA,SIKANYIKA Mathews B,IND,Whistle
MUCHINGA,ISOKA,193,NKOMBWA,KAPILA Gift,NRPUP,A Lamp
MUCHINGA,ISOKA,193,NKOMBWA,SIMBEYE Jairo,UPND,Palm with raised thumb
MUCHINGA,ISOKA,193,NKOMBWA,SIWILA Wisdom,IND,Whistle
MUCHINGA,MAFINGA,089,MAFINGA NORTH,MUGALA Musyani S,IND,Steering wheel
MUCHINGA,MAFINGA,089,MAFINGA NORTH,MUTAMBO Saga J,IND,Cell Battery
MUCHINGA,MAFINGA,089,MAFINGA NORTH,MUTAMBO Owen K,ZMP,A Traditional Thatched hat
MUCHINGA,MAFINGA,089,MAFINGA NORTH,SICHINGA John J,UPND,Palm with raised thumb
MUCHINGA,MAFINGA,089,MAFINGA NORTH,SILOMBA Sastone,IND,Borehole
MUCHINGA,MAFINGA,089,MAFINGA NORTH,SIMUKOKO Jairos J,SP,A Crossed Shovel and Axe
MUCHINGA,MAFINGA,089,MAFINGA NORTH,SIWALE Jacob,NRPUP,A Lamp
MUCHINGA,MAFINGA,195,MAFINGA SOUTH,CHABINGA Robert M,UPND,Palm with raised thumb
MUCHINGA,MAFINGA,195,MAFINGA SOUTH,KAONGA Duncan,NRPUP,A Lamp
MUCHINGA,MAFINGA,195,MAFINGA SOUTH,MUNTHALI Esinai,RP,An Orange Sack Bag
MUCHINGA,MAFINGA,195,MAFINGA SOUTH,MUNTHALI Faith,CF,Big Tree
MUCHINGA,MPIKA,092,MPIKA NORTH,CHIBALE Benard,CF,Big Tree
MUCHINGA,MPIKA,092,MPIKA NORTH,KAPYANGA Francis R,NRPUP,A Lamp
MUCHINGA,MPIKA,092,MPIKA NORTH,SATA Chilufya C,IND,Traditional Drum
MUCHINGA,MPIKA,092,MPIKA NORTH,SICHALWE Mordecai,UPND,Palm with raised thumb
MUCHINGA,MPIKA,196,MPIKA SOUTH,CHANDA Primose C,NRPUP,A Lamp
MUCHINGA,MPIKA,196,MPIKA SOUTH,CHILAMBE Kennedy,UPND,Palm with raised thumb
MUCHINGA,MPIKA,196,MPIKA SOUTH,CHILESHE Fredrick,CF,Big Tree
MUCHINGA,NAKONDE,093,NAKONDE,KANYANYA Michael S,NRPUP,A Lamp
MUCHINGA,NAKONDE,093,NAKONDE,SIMWANZA Simon P,UPND,Palm with raised thumb
MUCHINGA,NAKONDE,093,NAKONDE,SIWANZI Yizukanji,CF,Big Tree
MUCHINGA,NAKONDE,197,MWENZO,SIAME Musingwa N,UPND,Palm with raised thumb
MUCHINGA,NAKONDE,197,MWENZO,SIMUMBA Luka,NRPUP,A Lamp
MUCHINGA,SHIWAN'GANDU,094,SHIWAN'GANDU,KALUBA Martin T,CF,Big Tree
MUCHINGA,SHIWAN'GANDU,094,SHIWAN'GANDU,KAMPYONGO Stephen,NRPUP,A Lamp
MUCHINGA,SHIWAN'GANDU,094,SHIWAN'GANDU,KAPEYA Robert,UPND,Palm with raised thumb
MUCHINGA,SHIWAN'GANDU,094,SHIWAN'GANDU,MUMBI Evans,IND,Spoon
MUCHINGA,SHIWAN'GANDU,094,SHIWAN'GANDU,MUTALE Stephen,IND,Candle
MUCHINGA,KANCHIBIYA,090,KANCHIBIYA,CHANDA Sunday C,UPND,Palm with raised thumb
MUCHINGA,KANCHIBIYA,090,KANCHIBIYA,CHOLA John,UPPZ,"A graduation cap, cabbage and two ca..."
MUCHINGA,KANCHIBIYA,090,KANCHIBIYA,MALAMA Henry,CF,Big Tree
MUCHINGA,KANCHIBIYA,090,KANCHIBIYA,MUSWEMA Sampa,NRPUP,A Lamp
MUCHINGA,KANCHIBIYA,090,KANCHIBIYA,MWELWA Benjamin,IND,Whistle
MUCHINGA,KANCHIBIYA,194,LWITIKILA,KAMBE Joan M,UPND,Palm with raised thumb
MUCHINGA,KANCHIBIYA,194,LWITIKILA,KANYANYAMINA Kanungwe C,NRPUP,A Lamp
MUCHINGA,KANCHIBIYA,194,LWITIKILA,MALAMA Smart,CF,Big Tree
MUCHINGA,KANCHIBIYA,194,LWITIKILA,MUBANGA Elias,IND,Plate
MUCHINGA,KANCHIBIYA,194,LWITIKILA,MUMA Raphael,IND,Traditional Drum
MUCHINGA,KANCHIBIYA,194,LWITIKILA,MUMBA Laston,IND,Borehole
MUCHINGA,LAVUSHIMANDA,091,MFUWE,CHILUFYA Webby,IND,Whistle
MUCHINGA,LAVUSHIMANDA,091,MFUWE,CHIPASHA Peter,IND,Radio
MUCHINGA,LAVUSHIMANDA,091,MFUWE,KUNDA Brian K,OPP,Gift Box
MUCHINGA,LAVUSHIMANDA,091,MFUWE,MALAMA Mufunelo,UPND,Palm with raised thumb
MUCHINGA,LAVUSHIMANDA,091,MFUWE,MUMBI Nicholas,NRPUP,A Lamp
MUCHINGA,LAVUSHIMANDA,091,MFUWE,NG'UNI Newton I,IND,Steering wheel
NORTHERN,CHILUBI,095,CHILUBI,CHIMBINI Rosemary S,IND,Borehole
NORTHERN,CHILUBI,095,CHILUBI,CHISALA Obious C,CDP,Red Breasted Bream Fish
NORTHERN,CHILUBI,095,CHILUBI,CHITEMBO Mathias,UPND,Palm with raised thumb
NORTHERN,CHILUBI,095,CHILUBI,FUBE Mulenga F,NRPUP,A Lamp
NORTHERN,CHILUBI,095,CHILUBI,KALASA Christabel,IND,Television (TV)
NORTHERN,CHILUBI,095,CHILUBI,MUWA Simon M,CF,Big Tree
NORTHERN,CHILUBI,095,CHILUBI,MWABA Daniel M,IND,Slasher
NORTHERN,CHILUBI,095,CHILUBI,MWILA Gilbert C,SP,A Crossed Shovel and Axe
NORTHERN,KAPUTA,096,KAPUTA,CHIPILI Gilbert,NRPUP,A Lamp
NORTHERN,KAPUTA,096,KAPUTA,NKANDU Elvis C,UPND,Palm with raised thumb
NORTHERN,KAPUTA,198,KUNDABWIKA,CHIKONDE Tresford,NRPUP,A Lamp
NORTHERN,KAPUTA,198,KUNDABWIKA,NG'ONGA Maxas K,UPND,Palm with raised thumb
NORTHERN,KASAMA,097,KASAMA CENTRAL,CHITUNDU Charles,IND,Traditional Drum
NORTHERN,KASAMA,097,KASAMA CENTRAL,CHOMBA Elasmous C,NRPUP,A Lamp
NORTHERN,KASAMA,097,KASAMA CENTRAL,MBEWE Thandizani,RP,An Orange Sack Bag
NORTHERN,KASAMA,097,KASAMA CENTRAL,MPUNDU Bernard,UPND,Palm with raised thumb
NORTHERN,KASAMA,097,KASAMA CENTRAL,MWAPE Keegan,IND,Borehole
NORTHERN,KASAMA,097,KASAMA CENTRAL,NG'AMBI Sunday C,IND,Whistle
NORTHERN,KASAMA,097,KASAMA CENTRAL,PIKITI Margaret K,SP,A Crossed Shovel and Axe
NORTHERN,KASAMA,097,KASAMA CENTRAL,SINSUNGA Christopher,IND,Steering wheel
NORTHERN,KASAMA,098,LUKASHYA,BWALYA Daniel,NRPUP,A Lamp
NORTHERN,KASAMA,098,LUKASHYA,BWALYA Frank,RP,An Orange Sack Bag
NORTHERN,KASAMA,098,LUKASHYA,BWEUPE Geoffrey,IND,Violin
NORTHERN,KASAMA,098,LUKASHYA,KATONGO Evol,UPND,Palm with raised thumb
NORTHERN,KASAMA,098,LUKASHYA,MPANDAMWIKE Andrew,CF,Big Tree
NORTHERN,KASAMA,098,LUKASHYA,MULENGA Morton,IND,Whistle
NORTHERN,KASAMA,098,LUKASHYA,MULENGA Howard,IND,Candle
NORTHERN,KASAMA,098,LUKASHYA,MUSELELA Chongo S,IND,Steering wheel
NORTHERN,KASAMA,199,KASAMA NORTH,CHILUMBA Eric K,UPPZ,"A graduation cap, cabbage and two ca..."
NORTHERN,KASAMA,199,KASAMA NORTH,MUSONDA Stanley C,LM,The Waves
NORTHERN,KASAMA,199,KASAMA NORTH,MUTALE Justin,NRPUP,A Lamp
NORTHERN,KASAMA,199,KASAMA NORTH,MWAMBA Sibongile,UPND,Palm with raised thumb
NORTHERN,KASAMA,199,KASAMA NORTH,NKUMBULA Lawrence,CF,Big Tree
NORTHERN,KASAMA,199,KASAMA NORTH,TETAMASHIMBA Isidore,RP,An Orange Sack Bag
NORTHERN,LUWINGU,099,LUBANSENSHI,CHEWE Kabwe T,UPND,Palm with raised thumb
NORTHERN,LUWINGU,099,LUBANSENSHI,KOLALA Innocent M,IND,Traditional Drum
NORTHERN,LUWINGU,099,LUBANSENSHI,MWAMBA George K,NRPUP,A Lamp
NORTHERN,LUWINGU,200,LUWINGU CENTRAL,CHONGO Kamfwa R,IND,Plate
NORTHERN,LUWINGU,200,LUWINGU CENTRAL,MUCHELEKA Patrick M,UPND,Palm with raised thumb
NORTHERN,LUWINGU,200,LUWINGU CENTRAL,MUSONDA Emmanuel,CF,Big Tree
NORTHERN,LUWINGU,200,LUWINGU CENTRAL,MWAMBA Mutolo,NRPUP,A Lamp
NORTHERN,LUWINGU,200,LUWINGU CENTRAL,MWANSA Abraham,IND,Steering wheel
NORTHERN,MBALA,101,MBALA CENTRAL,CHILUFYA Raphael,NRPUP,A Lamp
NORTHERN,MBALA,101,MBALA CENTRAL,MULENGA Alphonsal,CF,Big Tree
NORTHERN,MBALA,101,MBALA CENTRAL,MULWANDA Remmy M,SP,A Crossed Shovel and Axe
NORTHERN,MBALA,101,MBALA CENTRAL,NAMONGA Annie M,UPND,Palm with raised thumb
NORTHERN,MBALA,201,SAISE,PENZA Phillip S,PEP,A united family standing on the globe
NORTHERN,MBALA,201,SAISE,SIAME George C,IND,Borehole
NORTHERN,MBALA,201,SAISE,SIKAZWE Remmy,UPND,Palm with raised thumb
NORTHERN,MBALA,201,SAISE,SIKOMBE Kedrick,CF,Big Tree
NORTHERN,MBALA,201,SAISE,SINKALA Nathan,NRPUP,A Lamp
NORTHERN,MBALA,201,SAISE,WITOLA Peter S,SP,A Crossed Shovel and Axe
NORTHERN,MPOROKOSO,104,MPOROKOSO,CHILESHE Mutale,IND,Window
NORTHERN,MPOROKOSO,104,MPOROKOSO,CHILESHE Wedden,UPND,Palm with raised thumb
NORTHERN,MPOROKOSO,104,MPOROKOSO,CHITUNDU Bridget,NRPUP,A Lamp
NORTHERN,MPOROKOSO,104,MPOROKOSO,KAPUTO Aaron,LM,The Waves
NORTHERN,MPOROKOSO,104,MPOROKOSO,MBEYE Simon,SP,A Crossed Shovel and Axe
NORTHERN,MPOROKOSO,104,MPOROKOSO,MUSONDA Winfridah,CF,Big Tree
NORTHERN,MPOROKOSO,104,MPOROKOSO,NKOLE Nick M,IND,Borehole
NORTHERN,MPULUNGU,105,MPULUNGU NORTH,KALUMBA Jobbicks,UPND,Palm with raised thumb
NORTHERN,MPULUNGU,105,MPULUNGU NORTH,PENDE Martin K,IND,Steering wheel
NORTHERN,MPULUNGU,105,MPULUNGU NORTH,SIKAZWE Freedom C,NRPUP,A Lamp
NORTHERN,MPULUNGU,202,MPULUNGU SOUTH,CHIZU Lewis S,CF,Big Tree
NORTHERN,MPULUNGU,202,MPULUNGU SOUTH,CHIZU Njenje K,UPND,Palm with raised thumb
NORTHERN,MPULUNGU,202,MPULUNGU SOUTH,MBAO Leonard,IND,Steering wheel
NORTHERN,MPULUNGU,202,MPULUNGU SOUTH,MUTALE Teddy,NRPUP,A Lamp
NORTHERN,MUNGWI,106,MALOLE,BWATO Vernon B,IND,Spoon
NORTHERN,MUNGWI,106,MALOLE,CHISANGA Grace C,IND,Borehole
NORTHERN,MUNGWI,106,MALOLE,CHOMBA Lawrence,IND,Radio
NORTHERN,MUNGWI,106,MALOLE,MUSONDA Syvano,NRPUP,A Lamp
NORTHERN,MUNGWI,106,MALOLE,MUTALE Stella K,UPND,Palm with raised thumb
NORTHERN,MUNGWI,106,MALOLE,MWENGE Lawrence,SP,A Crossed Shovel and Axe
NORTHERN,MUNGWI,106,MALOLE,NCHINTWA Moses,ZMP,A Traditional Thatched hat
NORTHERN,MUNGWI,203,MPANDA,BULAYA Phillip,UPND,Palm with raised thumb
NORTHERN,MUNGWI,203,MPANDA,LWEMBE Gift,IND,Radio
NORTHERN,MUNGWI,203,MPANDA,MUNAILE Emmanuel M,CF,Big Tree
NORTHERN,MUNGWI,203,MPANDA,MUSONDA David M,ZMP,A Traditional Thatched hat
NORTHERN,MUNGWI,203,MPANDA,MWILA Francis,SP,A Crossed Shovel and Axe
NORTHERN,MUNGWI,203,MPANDA,NDOLESHA Patrick,NRPUP,A Lamp
NORTHERN,NSAMA,107,CHIMBAMILONGA,CHILINGALA Panji,SP,A Crossed Shovel and Axe
NORTHERN,NSAMA,107,CHIMBAMILONGA,CHIPILI Titus M,NRPUP,A Lamp
NORTHERN,NSAMA,107,CHIMBAMILONGA,PASUWA Moses,UPND,Palm with raised thumb
NORTHERN,SENGA HILL,102,SENGA HILL,CHILA Derrick,IND,Scissors
NORTHERN,SENGA HILL,102,SENGA HILL,LUNGU Matildah,SP,A Crossed Shovel and Axe
NORTHERN,SENGA HILL,102,SENGA HILL,MULENGA Safeli,UPND,Palm with raised thumb
NORTHERN,SENGA HILL,102,SENGA HILL,NSOKOLO Bentry,NRPUP,A Lamp
NORTHERN,SENGA HILL,102,SENGA HILL,SICHULA Mukwavi C,IND,Borehole
NORTHERN,SENGA HILL,102,SENGA HILL,SIKAZWE Henry,IND,Spoon
NORTHERN,LUNTE,103,LUNTE,CHASAYA Katongo,UPND,Palm with raised thumb
NORTHERN,LUNTE,103,LUNTE,CHILANDO Joseph M,IND,Radio
NORTHERN,LUNTE,103,LUNTE,CHIPOMA Cornelius,IND,Borehole
NORTHERN,LUNTE,103,LUNTE,CHONGO Justine,IND,Spoon
NORTHERN,LUNTE,103,LUNTE,SIMBAO Kennedy,NRPUP,A Lamp
NORTHERN,LUPOSOSHI,100,LUPOSOSHI,BWALYA Benson F,IND,Steering wheel
NORTHERN,LUPOSOSHI,100,LUPOSOSHI,BWALYA Lazarous C,NRPUP,A Lamp
NORTHERN,LUPOSOSHI,100,LUPOSOSHI,LUNKOTO Paul B,SP,A Crossed Shovel and Axe
NORTHERN,LUPOSOSHI,100,LUPOSOSHI,MPUNDU Romano,IND,Bed
NORTHERN,LUPOSOSHI,100,LUPOSOSHI,MPUNDU Reagan,IND,Traditional Drum
NORTHERN,LUPOSOSHI,100,LUPOSOSHI,MULENGA Bornface P,IND,Plate
NORTHERN,LUPOSOSHI,100,LUPOSOSHI,MWANSA Shadreck,UPND,Palm with raised thumb
NORTHERN,LUPOSOSHI,100,LUPOSOSHI,MWANSA Rachael M,CF,Big Tree
NORTH-WESTERN,CHAVUMA,108,CHAVUMA,CHOZA Oscar,NRPUP,A Lamp
NORTH-WESTERN,CHAVUMA,108,CHAVUMA,FWOLOSHI Fredrick,IND,Slasher
NORTH-WESTERN,CHAVUMA,108,CHAVUMA,LUMAYI Victor,UPND,Palm with raised thumb
NORTH-WESTERN,CHAVUMA,108,CHAVUMA,SONDOYI Martin L,NCP,Chair
NORTH-WESTERN,IKELENGE,109,IKELENG'I,FISHER Peter H,IND,Traditional Drum
NORTH-WESTERN,IKELENGE,109,IKELENG'I,KAFWAFWA Rhodwell,IND,Bed
NORTH-WESTERN,IKELENGE,109,IKELENG'I,KANYANDA Friday,SP,A Crossed Shovel and Axe
NORTH-WESTERN,IKELENGE,109,IKELENG'I,KAWANGU Abiud,NRPUP,A Lamp
NORTH-WESTERN,IKELENGE,109,IKELENG'I,KAYEKESI Victor,IND,Plate
NORTH-WESTERN,IKELENGE,109,IKELENG'I,MASUWA Paul,UPND,Palm with raised thumb
NORTH-WESTERN,KABOMPO,110,KABOMPO EAST,LUFUMA Ambrose,UPND,Palm with raised thumb
NORTH-WESTERN,KABOMPO,110,KABOMPO EAST,MBOWELA Richard,IND,Borehole
NORTH-WESTERN,KABOMPO,204,KABOMPO WEST,CHIPANGO Hillary,UPND,Palm with raised thumb
NORTH-WESTERN,KABOMPO,204,KABOMPO WEST,KALENGA Daniel,IND,Radio
NORTH-WESTERN,KABOMPO,204,KABOMPO WEST,KAPIMPA Shilota,IND,Borehole
NORTH-WESTERN,KABOMPO,204,KABOMPO WEST,SAMUNDENGO Beatrice,IND,Spoon
NORTH-WESTERN,KASEMPA,111,KASEMPA,KAMENGA Howard,IND,Window
NORTH-WESTERN,KASEMPA,111,KASEMPA,KASITOKA Elijah M,UPPZ,"A graduation cap, cabbage and two ca..."
NORTH-WESTERN,KASEMPA,111,KASEMPA,MAFULETI Chinyemba,IND,Slasher
NORTH-WESTERN,KASEMPA,111,KASEMPA,MASUMBA Peter,IND,Candle
NORTH-WESTERN,KASEMPA,111,KASEMPA,MUKATUKA Binwel,IND,Borehole
NORTH-WESTERN,KASEMPA,111,KASEMPA,NGALANDE Isaac,CF,Big Tree
NORTH-WESTERN,KASEMPA,111,KASEMPA,TAMBATAMBA Brenda M,UPND,Palm with raised thumb
NORTH-WESTERN,KASEMPA,206,MUFWASHI,CHANDAMALI Phelosopher T,NRPUP,A Lamp
NORTH-WESTERN,KASEMPA,206,MUFWASHI,KAKONKANYA Brian,UPND,Palm with raised thumb
NORTH-WESTERN,KASEMPA,206,MUFWASHI,MULOFWA Tradeson T,IND,Borehole
NORTH-WESTERN,MANYINGA,112,MANYINGA,CHINGIMBU Danny,IND,Slasher
NORTH-WESTERN,MANYINGA,112,MANYINGA,KANYAMA Kevin,NRPUP,A Lamp
NORTH-WESTERN,MANYINGA,112,MANYINGA,LIHEFU Robert,UPND,Palm with raised thumb
NORTH-WESTERN,MANYINGA,112,MANYINGA,SAKUWAHA Henry,IND,Steering wheel
NORTH-WESTERN,MUFUMBWE,113,MUFUMBWE,KAMONDO Eliot,UPND,Palm with raised thumb
NORTH-WESTERN,MUFUMBWE,113,MUFUMBWE,KAWEZA Brian,CF,Big Tree
NORTH-WESTERN,MUFUMBWE,113,MUFUMBWE,KIZELA Fumpa,IND,Borehole
NORTH-WESTERN,MUFUMBWE,113,MUFUMBWE,LUNYENZE Jonas,NRPUP,A Lamp
NORTH-WESTERN,MUFUMBWE,113,MUFUMBWE,MUZUNGU Nshamba M,IND,Traditional Drum
NORTH-WESTERN,MUFUMBWE,113,MUFUMBWE,SAUKA Khayi,IND,Whistle
NORTH-WESTERN,MUFUMBWE,207,DONGWE,MASIYE Lemmy N,IND,Borehole
NORTH-WESTERN,MUFUMBWE,207,DONGWE,MBALAU Davies,UPND,Palm with raised thumb
NORTH-WESTERN,MWINILUNGA,114,MWINILUNGA WEST,KAMALATA Robert K,IND,Plate
NORTH-WESTERN,MWINILUNGA,114,MWINILUNGA WEST,KAPAIPI Jonathan,UPND,Palm with raised thumb
NORTH-WESTERN,MWINILUNGA,208,MWINILUNGA EAST,KAYUKA Naomi,NRPUP,A Lamp
NORTH-WESTERN,MWINILUNGA,208,MWINILUNGA EAST,MUKANZU Lualaba J,UPND,Palm with raised thumb
NORTH-WESTERN,MWINILUNGA,208,MWINILUNGA EAST,MUKANZU Suzen,IND,Plate
NORTH-WESTERN,MWINILUNGA,208,MWINILUNGA EAST,MUZALIWA Davies,IND,Slasher
NORTH-WESTERN,SOLWEZI,115,SOLWEZI CENTRAL,KANEMA Bruce,UPND,Palm with raised thumb
NORTH-WESTERN,SOLWEZI,115,SOLWEZI CENTRAL,KAVULA Rodgers,IND,Candle
NORTH-WESTERN,SOLWEZI,115,SOLWEZI CENTRAL,LIKASHI David,IND,Steering wheel
NORTH-WESTERN,SOLWEZI,115,SOLWEZI CENTRAL,LUKAMATA Andrew,NRPUP,A Lamp
NORTH-WESTERN,SOLWEZI,115,SOLWEZI CENTRAL,POHO Kawina P,IND,Borehole
NORTH-WESTERN,SOLWEZI,209,SOLWEZI NORTH,KAFWAYA Dawson,IND,Plate
NORTH-WESTERN,SOLWEZI,209,SOLWEZI NORTH,KASONSO Tapson,IND,Slasher
NORTH-WESTERN,SOLWEZI,209,SOLWEZI NORTH,KATOLO Enock D,IND,Candle
NORTH-WESTERN,SOLWEZI,209,SOLWEZI NORTH,KYEMBE Mapesho,IND,Borehole
NORTH-WESTERN,SOLWEZI,209,SOLWEZI NORTH,MULUSA Timothy M,NRPUP,A Lamp
NORTH-WESTERN,SOLWEZI,209,SOLWEZI NORTH,MULUSA Stafford,UPND,Palm with raised thumb
NORTH-WESTERN,ZAMBEZI,118,ZAMBEZI EAST,KAMBITA David K,SP,A Crossed Shovel and Axe
NORTH-WESTERN,ZAMBEZI,118,ZAMBEZI EAST,KAMBITA Brian,UPND,Palm with raised thumb
NORTH-WESTERN,ZAMBEZI,118,ZAMBEZI EAST,MWENDELEMA Jonathan L,IND,Borehole
NORTH-WESTERN,ZAMBEZI,119,ZAMBEZI WEST,MUSUMALI Vumango P,UPND,Palm with raised thumb
NORTH-WESTERN,ZAMBEZI,210,ZAMBEZI CENTRAL,MANO Dennis K,UPND,Palm with raised thumb
NORTH-WESTERN,ZAMBEZI,210,ZAMBEZI CENTRAL,NGIMBU Rapheal K,IND,Spoon
NORTH-WESTERN,KALUMBILA,117,KALUMBILA,KAKWATA Olix,IND,Slasher
NORTH-WESTERN,KALUMBILA,117,KALUMBILA,MAPULANGA Mavis M,IND,Steering wheel
NORTH-WESTERN,KALUMBILA,117,KALUMBILA,MUKUMBI Nicholas M,UPND,Palm with raised thumb
NORTH-WESTERN,KALUMBILA,205,LUMWANA,MASHIMANGO Mathews,UPND,Palm with raised thumb
NORTH-WESTERN,KALUMBILA,205,LUMWANA,SHEMENA Logan,IND,Borehole
NORTH-WESTERN,MUSHINDAMO,116,MUSHINDAMO,ILUNGA Peter,IND,Steering wheel
NORTH-WESTERN,MUSHINDAMO,116,MUSHINDAMO,KATAKWE Alex,UPND,Palm with raised thumb
NORTH-WESTERN,MUSHINDAMO,116,MUSHINDAMO,KAYUKWA Ruth C,NRPUP,A Lamp
NORTH-WESTERN,MUSHINDAMO,116,MUSHINDAMO,NDELUFU Elias,SP,A Crossed Shovel and Axe
SOUTHERN,ITEZHI-TEZHI,005,ITEZHI-TEZHI EAST,NABUZOKA Austen,IND,Borehole
SOUTHERN,ITEZHI-TEZHI,005,ITEZHI-TEZHI EAST,NANJUWA Credo,UPND,Palm with raised thumb
SOUTHERN,ITEZHI-TEZHI,005,ITEZHI-TEZHI EAST,SITALI Davies M,IND,Traditional Drum
SOUTHERN,ITEZHI-TEZHI,212,ITEZHI-TEZHI WEST,MUTINTA Twaambo E,UPND,Palm with raised thumb
SOUTHERN,ITEZHI-TEZHI,212,ITEZHI-TEZHI WEST,SHANDUBA Cavis M,IND,Borehole
SOUTHERN,CHIRUNDU,072,CHIRUNDU,MUCHINDU Nevers M,UPND,Palm with raised thumb
SOUTHERN,CHIRUNDU,072,CHIRUNDU,MWANJA James K,IND,Borehole
SOUTHERN,CHIRUNDU,072,CHIRUNDU,MWAPE Lucky M,RP,An Orange Sack Bag
SOUTHERN,CHIKANKATA,120,CHIKANKATA,CHIYOBA Malcom,IND,Borehole
SOUTHERN,CHIKANKATA,120,CHIKANKATA,GUJA Jeff,IND,Plate
SOUTHERN,CHIKANKATA,120,CHIKANKATA,SABAO Jaqueline,UPND,Palm with raised thumb
SOUTHERN,CHOMA,121,CHOMA CENTRAL,CHAKWANA Baker I,IND,Spoon
SOUTHERN,CHOMA,121,CHOMA CENTRAL,MWEETWA Conellius,UPND,Palm with raised thumb
SOUTHERN,CHOMA,121,CHOMA CENTRAL,NZOOLO Rodwell S,IND,Whistle
SOUTHERN,CHOMA,122,MBABALA,MUNSANJE Joseph S,UPND,Palm with raised thumb
SOUTHERN,CHOMA,122,MBABALA,NDAMBO Evelyn M,EPPP,Rabbit
SOUTHERN,CHOMA,211,CHOMA SOUTH,MWIINDE Trevor S,UPND,Palm with raised thumb
SOUTHERN,GWEMBE,123,GWEMBE,NTUUNDU Macloudine M,IND,Borehole
SOUTHERN,GWEMBE,123,GWEMBE,SIMUZINGILI Tyson,UPND,Palm with raised thumb
SOUTHERN,KALOMO,124,DUNDUMWEZI,SING'OMBE Edgar,UPND,Palm with raised thumb
SOUTHERN,KALOMO,125,KALOMO CENTRAL,HAMACHILA Pearson,IND,Spoon
SOUTHERN,KALOMO,125,KALOMO CENTRAL,KAMBONI Harry S,UPND,Palm with raised thumb
SOUTHERN,KALOMO,213,KALOMO SOUTH,EDGAR Siakacoma,UPND,Palm with raised thumb
SOUTHERN,KAZUNGULA,126,KAZUNGULA SOUTH,BANDA Lungisani,NRPUP,A Lamp
SOUTHERN,KAZUNGULA,126,KAZUNGULA SOUTH,MUKUNI Siasiloka,UPND,Palm with raised thumb
SOUTHERN,KAZUNGULA,126,KAZUNGULA SOUTH,SIMBOTWE Joseph M,ZMP,A Traditional Thatched hat
SOUTHERN,KAZUNGULA,214,KAZUNGULA NORTH,ANDELEKI Clement,UPND,Palm with raised thumb
SOUTHERN,LIVINGSTONE,127,LIVINGSTONE CENTRAL,CHILUFYA Mwewa,NRPUP,A Lamp
SOUTHERN,LIVINGSTONE,127,LIVINGSTONE CENTRAL,MAYANGWA Gracious,UPND,Palm with raised thumb
SOUTHERN,LIVINGSTONE,127,LIVINGSTONE CENTRAL,MULELE Columbus,IND,Steering wheel
SOUTHERN,LIVINGSTONE,215,MARAMBA,KABBA Yvonne,UPND,Palm with raised thumb
SOUTHERN,LIVINGSTONE,215,MARAMBA,KALUNGU Mapulanga V,NRPUP,A Lamp
SOUTHERN,LIVINGSTONE,215,MARAMBA,MUYANGANA Namakau,IND,Borehole
SOUTHERN,LIVINGSTONE,215,MARAMBA,NAMUCHANA Charles,IND,Traditional Drum
SOUTHERN,MAZABUKA,128,MAGOYE EAST,MALAMBO Mweemba,UPND,Palm with raised thumb
SOUTHERN,MAZABUKA,128,MAGOYE EAST,MWEENE Confucious,IND,Spoon
SOUTHERN,MAZABUKA,129,MAZABUKA CENTRAL,HACHINTU Playson,IND,Borehole
SOUTHERN,MAZABUKA,129,MAZABUKA CENTRAL,HANKEDE Alfred,IND,Steering wheel
SOUTHERN,MAZABUKA,129,MAZABUKA CENTRAL,LILANDA Vincent,UPND,Palm with raised thumb
SOUTHERN,MAZABUKA,129,MAZABUKA CENTRAL,MASUMBA Denwid,SP,A Crossed Shovel and Axe
SOUTHERN,MAZABUKA,129,MAZABUKA CENTRAL,NKOMBO Gary G,IND,Candle
SOUTHERN,MAZABUKA,216,MAGOYE WEST,KABUNDA Nachombe,UPND,Palm with raised thumb
SOUTHERN,MAZABUKA,216,MAGOYE WEST,MWANAMUCHELE Micheal,IND,Radio
SOUTHERN,MONZE,130,BWEENGWA,MICHELO Kasauta,UPND,Palm with raised thumb
SOUTHERN,MONZE,130,BWEENGWA,MWIINGA Cliff M,IND,Borehole
SOUTHERN,MONZE,131,MONZE CENTRAL,CHILUMA Hendrix M,NRPUP,A Lamp
SOUTHERN,MONZE,131,MONZE CENTRAL,MAINZA Elvis,IND,Borehole
SOUTHERN,MONZE,131,MONZE CENTRAL,SHAKANTU Yvonne,UPND,Palm with raised thumb
SOUTHERN,MONZE,132,MOOMBA,CHAATILA Fred C,UPND,Palm with raised thumb
SOUTHERN,MONZE,132,MOOMBA,KAMOKO Luse J,IND,Borehole
SOUTHERN,MONZE,217,MONZE EAST,MUSUTE Maambo,IND,Borehole
SOUTHERN,MONZE,217,MONZE EAST,MWIIMBU Jacob,UPND,Palm with raised thumb
SOUTHERN,NAMWALA,133,NAMWALA WEST,CHIINDA Lawrence S,IND,Traditional Drum
SOUTHERN,NAMWALA,133,NAMWALA WEST,MAPANI Herbert,UPND,Palm with raised thumb
SOUTHERN,NAMWALA,133,NAMWALA WEST,SAKALA Mary,NRPUP,A Lamp
SOUTHERN,NAMWALA,218,NAMWALA EAST,CHIBOOLA Olive C,UPND,Palm with raised thumb
SOUTHERN,NAMWALA,218,NAMWALA EAST,HAPOMPWE Silent M,IND,Borehole
SOUTHERN,PEMBA,134,PEMBA,HABEENZU Obey H,UPND,Palm with raised thumb
SOUTHERN,PEMBA,134,PEMBA,MOONO Cleopas P,IND,Whistle
SOUTHERN,SIAVONGA,135,SIAVONGA,MULUNDA Darius,UPND,Palm with raised thumb
SOUTHERN,SIAVONGA,135,SIAVONGA,MWEETWA Brave,IND,Traditional Drum
SOUTHERN,SIAVONGA,135,SIAVONGA,SOKO Edward C,IND,Borehole
SOUTHERN,SINAZONGWE,136,SINAZONGWE,SIAKOLE Nchimunya,UPND,Palm with raised thumb
SOUTHERN,SINAZONGWE,219,KARIBA,KABANZE Bright,IND,Borehole
SOUTHERN,SINAZONGWE,219,KARIBA,SIALUBALO Gift S,UPND,Palm with raised thumb
SOUTHERN,SINAZONGWE,219,KARIBA,SYAMUDYANSI Benny,IND,Traditional Drum
SOUTHERN,ZIMBA,137,MAPATIZYA,MIYANDA Clive D,IND,Borehole
SOUTHERN,ZIMBA,137,MAPATIZYA,MUNASHABANTU Emelda,UPND,Palm with raised thumb
WESTERN,KALABO,138,KALABO CENTRAL,KALALUKA Mubukwanu,IND,Spoon
WESTERN,KALABO,138,KALABO CENTRAL,SIMUSHI Akufuna,UPND,Palm with raised thumb
WESTERN,KALABO,139,LIUWA,MUSOKOTWANE Situmbeko,UPND,Palm with raised thumb
WESTERN,KALABO,220,KALABO SOUTH,KANGONGWE Mwangala C,SP,A Crossed Shovel and Axe
WESTERN,KALABO,220,KALABO SOUTH,MIYUTU Chinga,UPND,Palm with raised thumb
WESTERN,KALABO,220,KALABO SOUTH,MOOTO Kalowa,IND,Borehole
WESTERN,KAOMA,140,KAOMA CENTRAL,INDOPU Mukatimui,IND,Candle
WESTERN,KAOMA,140,KAOMA CENTRAL,KAMWATA Marks,NRPUP,A Lamp
WESTERN,KAOMA,140,KAOMA CENTRAL,LIBINGA Tauzen W,IND,Spoon
WESTERN,KAOMA,140,KAOMA CENTRAL,MUBANGA Liale K,IND,Steering wheel
WESTERN,KAOMA,140,KAOMA CENTRAL,MUPISHI Jones,SP,A Crossed Shovel and Axe
WESTERN,KAOMA,140,KAOMA CENTRAL,SITWALA Morgan S,UPND,Palm with raised thumb
WESTERN,KAOMA,141,MANGANGO,KAWINA Reagan K,IND,Steering wheel
WESTERN,KAOMA,141,MANGANGO,MAKINISHI Steven,NRPUP,A Lamp
WESTERN,KAOMA,141,MANGANGO,MWENE Luhamba,UPND,Palm with raised thumb
WESTERN,KAOMA,141,MANGANGO,PUTU Godwin,IND,Borehole
WESTERN,LIMULUNGA,142,LUENA,CHANGANO Charles K,NRPUP,A Lamp
WESTERN,LIMULUNGA,142,LUENA,CHIMWASO Maliti M,UPND,Palm with raised thumb
WESTERN,LIMULUNGA,142,LUENA,MUKELABAI Nalishebo J,SP,A Crossed Shovel and Axe
WESTERN,LIMULUNGA,142,LUENA,SAKUBITA Likando,IND,Borehole
WESTERN,LUAMPA,143,LUAMPA EAST,CHIKOTE Makozo,UPND,Palm with raised thumb
WESTERN,LUAMPA,143,LUAMPA EAST,MANDUNDA Richard,IND,Folk
WESTERN,LUAMPA,143,LUAMPA EAST,MULIYA Oliver,SP,A Crossed Shovel and Axe
WESTERN,LUAMPA,143,LUAMPA EAST,NDUI Precious M,IND,Borehole
WESTERN,LUAMPA,221,LUAMPA WEST,CHILEMU Chinyemba,NRPUP,A Lamp
WESTERN,LUAMPA,221,LUAMPA WEST,KANYANDA Kanyanda J,IND,Borehole
WESTERN,LUAMPA,221,LUAMPA WEST,KATUNGU Mulonda J,IND,Scissors
WESTERN,LUAMPA,221,LUAMPA WEST,MANGOSHI Kozhi,IND,Plate
WESTERN,LUAMPA,221,LUAMPA WEST,NYAMBE Mubita J,IND,Whistle
WESTERN,LUAMPA,221,LUAMPA WEST,SACHIYENGE Chinyama M,UPND,Palm with raised thumb
WESTERN,LUAMPA,221,LUAMPA WEST,SHAILE Katungu J,IND,Bed
WESTERN,LUAMPA,221,LUAMPA WEST,ZANGATA Michael C,IND,Spoon
WESTERN,LUKULU,144,LUKULU NORTH,BUKALI Daniel,IND,Borehole
WESTERN,LUKULU,144,LUKULU NORTH,KAHALE Kahale F,UPND,Palm with raised thumb
WESTERN,LUKULU,144,LUKULU NORTH,LIBUKU Wamundila,IND,Traditional Drum
WESTERN,LUKULU,222,LUKULU SOUTH,CHAINDA Mayaya,IND,Spoon
WESTERN,LUKULU,222,LUKULU SOUTH,KALILA Christopher K,UPND,Palm with raised thumb
WESTERN,LUKULU,222,LUKULU SOUTH,MUNDANYA Oliver JR,NRPUP,A Lamp
WESTERN,LUKULU,222,LUKULU SOUTH,MWITUMWA Mwitumwa,IND,Borehole
WESTERN,MITETE,145,MITETE,KULUZA Alex L,SP,A Crossed Shovel and Axe
WESTERN,MITETE,145,MITETE,MUTELO Misheck,UPND,Palm with raised thumb
WESTERN,MITETE,145,MITETE,TOKA Mungomba O,NRPUP,A Lamp
WESTERN,MONGU,146,MONGU CENTRAL,GWALELA Masuka,IND,Candle
WESTERN,MONGU,146,MONGU CENTRAL,MAKAI Makai,UPND,Palm with raised thumb
WESTERN,MONGU,146,MONGU CENTRAL,TOMBI Tombi,NRPUP,A Lamp
WESTERN,MONGU,147,NALIKWANDA,SIBOTE Warreny M,UPND,Palm with raised thumb
WESTERN,MONGU,147,NALIKWANDA,SIKUFELE Mundia,NRPUP,A Lamp
WESTERN,MONGU,223,MONGU EAST,IMAKANDO Mwilola,IND,Candle
WESTERN,MONGU,223,MONGU EAST,NAWA Christopher M,UPND,Palm with raised thumb
WESTERN,MULOBEZI,148,MULOBEZI,KALALUKA Sateya,NRPUP,A Lamp
WESTERN,MULOBEZI,148,MULOBEZI,MUSIALELA Fabian,IND,Nail
WESTERN,MULOBEZI,148,MULOBEZI,SILILO Hastings,IND,Plate
WESTERN,MULOBEZI,148,MULOBEZI,SILILO Satubi J,IND,Borehole
WESTERN,MULOBEZI,148,MULOBEZI,ZAMBWE Mwenda T,UPND,Palm with raised thumb
WESTERN,MWANDI,149,MWANDI,KAINGU Iris K,IND,Candle
WESTERN,MWANDI,149,MWANDI,SEFULO Sibeso K,UPND,Palm with raised thumb
WESTERN,NALOLO,150,NALOLO,LUTOMBI Moomba R,CF,Big Tree
WESTERN,NALOLO,150,NALOLO,MASHEKWA Namakando,IND,Borehole
WESTERN,NALOLO,150,NALOLO,MUHONGO Mbanga,SP,A Crossed Shovel and Axe
WESTERN,NALOLO,150,NALOLO,WAMUNYIMA Imanga,UPND,Palm with raised thumb
