Province,District,CandidateName,Party,Symbol
Central,Chibombo,Kachingwe Chilufya,IND,Traditional Drum
Central,Chibombo,Mayembe Isaiah,NRPUP,A Lamp
Central,Chibombo,Ntalasha James,IND,Scissors
Central,Chibombo,Nyeleti Newton,UPND,Palm with raised thumb
Central,Chisamba,Hang'ombe Ignatius A,UPND,Palm with raised thumb
Central,Chisamba,Zulu Francis J,NRPUP,A Lamp
Central,Chitambo,Kanguya Dylan,NRPUP,A Lamp
Central,Chitambo,Kunda Chembe,IND,Steering wheel
Central,Chitambo,Mwelwa Brian,UPND,Palm with raised thumb
Central,Kabwe,Chibwana Saidi,IND,Plate
Central,Kabwe,Domingo Gary S,UPND,Palm with raised thumb
Central,Kabwe,Musonda Fanwell M,CF,Big Tree
Central,Kabwe,Pondamali Wilson,NRPUP,A Lamp
Central,Kapiri Mposhi,Kamamba Mute,IND,Cell Battery
Central,Kapiri Mposhi,Munyeke Brilliant,UPND,Palm with raised thumb
Central,Kapiri Mposhi,Ngosa Obet,RP,An Orange Sack Bag
Central,Kapiri Mposhi,Nkolola Brian M,NRPUP,A Lamp
Central,Luano,Ngulube Astone C,NRPUP,A Lamp
Central,Luano,Sakala Frank,UPND,Palm with raised thumb
Central,Mkushi,Bwalya Evans,NRPUP,A Lamp
Central,Mkushi,Chanda Lewis,SP,A Crossed Shovel and Axe
Central,Mkushi,Kasonteka Remy M,UPND,Palm with raised thumb
Central,Mumbwa,Hamoonga Clever N,IND,Borehole
Central,Mumbwa,Hangoma Jimmy,IND,Steering wheel
Central,Mumbwa,Masumo Charlie M,UPND,Palm with raised thumb
Central,Mumbwa,Mweete Francis,IND,Whistle
Central,Ngabwe,Kalebuka Borden,UPND,Palm with raised thumb
Central,Ngabwe,Pensulu Vitus B,NRPUP,A Lamp
Central,Ngabwe,Soda Reagan C,IND,Traditional Drum
Central,Ngabwe,Tembo Masautso,IND,Spoon
Central,Serenje,Ikona Dorris S,NRPUP,A Lamp
Central,Serenje,Munshya Patrick,UPND,Palm with raised thumb
Central,Serenje,Ntembwa Jeliaty,SP,A Crossed Shovel and Axe
Central,Serenje,Yamba Brighton M,CF,Big Tree
Central,Shibuyunji,Mutumba Dennis K,IND,Whistle
Central,Shibuyunji,Shimukonka Macmillan,UPND,Palm with raised thumb
Copperbelt,Chililabombwe,Chungu Wesley C,SP,A Crossed Shovel and Axe
Copperbelt,Chililabombwe,Daka Jane,RP,An Orange Sack Bag
Copperbelt,Chililabombwe,Mpepo Lydia M,IND,Plate
Copperbelt,Chililabombwe,Nawa Kanengu,UPND,Palm with raised thumb
Copperbelt,Chililabombwe,Nsofwa Kangwa L,IND,Candle
Copperbelt,Chingola,Chileshe Dorothy C,IND,Window
Copperbelt,Chingola,Kabamba Albert,IND,Borehole
Copperbelt,Chingola,Makomelo Frankson,IND,Spoon
Copperbelt,Chingola,Mambo Romana,UPND,Palm with raised thumb
Copperbelt,Chingola,Mpundu Andy,IND,Scissors
Copperbelt,Chingola,Mulimba Yaki,CF,Big Tree
Copperbelt,Chingola,Mumba Nelius,NRPUP,A Lamp
Copperbelt,Chingola,Musonda Charles,RP,An Orange Sack Bag
Copperbelt,Chingola,Phiri Elizabeth,IND,Steering wheel
Copperbelt,Kalulushi,Bwembya Maybin,CF,Big Tree
Copperbelt,Kalulushi,Chikwanda Martin S,SP,A Crossed Shovel and Axe
Copperbelt,Kalulushi,Chivunda Paul,NRPUP,A Lamp
Copperbelt,Kalulushi,Kahembi Joseph,IND,Plate
Copperbelt,Kalulushi,Kandudi Gideon,UPND,Palm with raised thumb
Copperbelt,Kalulushi,Mubanga Bruce,IND,Borehole
Copperbelt,Kalulushi,Mwalilino Evaristo M,IND,Spoon
Copperbelt,Kalulushi,Zimba Teddy M,IND,Candle
Copperbelt,Kitwe,Chansa Collins,RP,An Orange Sack Bag
Copperbelt,Kitwe,Jayetileke Anthony,IND,Traditional Drum
Copperbelt,Kitwe,Kabwita Charles,NRPUP,A Lamp
Copperbelt,Kitwe,Kalumba Gift M,CF,Big Tree
Copperbelt,Kitwe,Mulala Mubanga,SP,A Crossed Shovel and Axe
Copperbelt,Kitwe,Mutambo Dickson Y,IND,Whistle
Copperbelt,Kitwe,Ng'andu Abel,UPND,Palm with raised thumb
Copperbelt,Luanshya,Chakulya Mulenga,RP,An Orange Sack Bag
Copperbelt,Luanshya,Chama John,CF,Big Tree
Copperbelt,Luanshya,Chanda Portrice,SP,A Crossed Shovel and Axe
Copperbelt,Luanshya,Chisha Bentry,NRPUP,A Lamp
Copperbelt,Luanshya,Mulenga Charles,UPND,Palm with raised thumb
Copperbelt,Lufwanyama,Kapandula Annie K,UPND,Palm with raised thumb
Copperbelt,Lufwanyama,Kazeza Kennedy,IND,Candle
Copperbelt,Lufwanyama,Mwila Kangwa E,NRPUP,A Lamp
Copperbelt,Lufwanyama,Shamfuti Dorian,SP,A Crossed Shovel and Axe
Copperbelt,Lufwanyama,Soloshi Gilbert,IND,Whistle
Copperbelt,Masaiti,Kalutwa Wisdom D,IND,Nail
Copperbelt,Masaiti,Mossi Diana,UPND,Palm with raised thumb
Copperbelt,Mpongwe,Chaseba Edward,RP,An Orange Sack Bag
Copperbelt,Mpongwe,Mabando Valentine,IND,Window
Copperbelt,Mpongwe,Ndhlovu Reagan,IND,Borehole
Copperbelt,Mpongwe,Nyangu Jimmy J,CF,Big Tree
Copperbelt,Mpongwe,Tembo Chrispine,UPND,Palm with raised thumb
Copperbelt,Mufulira,Manda James,RP,An Orange Sack Bag
Copperbelt,Mufulira,Moyo Misheck,IND,Radio
Copperbelt,Mufulira,Mudemba Tsindikai,NRPUP,A Lamp
Copperbelt,Mufulira,Muulwa Dyford,UPND,Palm with raised thumb
Copperbelt,Mufulira,Mwanza Sofa,OPP,Gift Box
Copperbelt,Mufulira,Mzinga Paul,IND,Whistle
Copperbelt,Mufulira,Phiri Innocent F,CF,Big Tree
Copperbelt,Ndola,Chiwala Davies,IND,Whistle
Copperbelt,Ndola,Kalyati Jones,RP,An Orange Sack Bag
Copperbelt,Ndola,Kango Wilson,IND,Traditional Drum
Copperbelt,Ndola,Kasaba Kennedy,NRPUP,A Lamp
Copperbelt,Ndola,Mfungo Mulenga C,IND,Window
Copperbelt,Ndola,Mwamba Christopher M,UPPZ,"A graduation cap, cabbage and two cattle head"
Copperbelt,Ndola,Nsofwa Sharon,UPND,Palm with raised thumb
Eastern,Chadiza,Banda Peter,IND,Slasher
Eastern,Chadiza,Ng'ombe Gilbert,CF,Big Tree
Eastern,Chadiza,Phiri Nathan,UPND,Palm with raised thumb
Eastern,Chadiza,Phiri Paul M,NRPUP,A Lamp
Eastern,Chadiza,Zulu Gaston,ZMP,A Traditional Thatched hat
Eastern,Chasefu,Banda Chimwemwe H,NRPUP,A Lamp
Eastern,Chasefu,Mumba Rabson,IND,Traditional Drum
Eastern,Chasefu,Nyirenda Richard,IND,Spoon
Eastern,Chasefu,Zgambo Emmanuel W,UPND,Palm with raised thumb
Eastern,Chipangali,Chibuye Jayne L,CF,Big Tree
Eastern,Chipangali,Nkhambule Benard,NRPUP,A Lamp
Eastern,Chipangali,Phiri Andrew,RP,An Orange Sack Bag
Eastern,Chipangali,Phiri Grace,UPND,Palm with raised thumb
Eastern,Chipangali,Phiri Kenan,SP,A Crossed Shovel and Axe
Eastern,Chipata,Ingwe Lemmy J,IND,Slasher
Eastern,Chipata,Milanzi Juma,SP,A Crossed Shovel and Axe
Eastern,Chipata,Mtonga Geofrey,UPND,Palm with raised thumb
Eastern,Chipata,Ndhlovu Danton D,CF,Big Tree
Eastern,Chipata,Sakala Mathews,IND,Borehole
Eastern,Chipata,Silungwe Johnstony M,NRPUP,A Lamp
Eastern,Kasenengwa,Miti Alexander,IND,Scissors
Eastern,Kasenengwa,Ng'ona Lucky,UPND,Palm with raised thumb
Eastern,Kasenengwa,Phiri Paul,NRPUP,A Lamp
Eastern,Kasenengwa,Phiri Robert,SP,A Crossed Shovel and Axe
Eastern,Katete,Banda Francis,UPND,Palm with raised thumb
Eastern,Katete,Banda Romana K,UPPZ,"A graduation cap, cabbage and two cattle head"
Eastern,Katete,Mvula Benard,IND,Borehole
Eastern,Katete,Mwanza Mark,CF,Big Tree
Eastern,Katete,Mwanza Robert,NRPUP,A Lamp
Eastern,Lumezi,Banda Isaiah,UPPZ,"A graduation cap, cabbage and two cattle head"
Eastern,Lumezi,Mwanza Davies T,CF,Big Tree
Eastern,Lumezi,Ngoma Blaston,RP,An Orange Sack Bag
Eastern,Lumezi,Nkhata Yotam,UPND,Palm with raised thumb
Eastern,Lumezi,Tembo Chalibazi D,NRPUP,A Lamp
Eastern,Lundazi,Mfune Kennedy,NRPUP,A Lamp
Eastern,Lundazi,Mugala Gibson,UPND,Palm with raised thumb
Eastern,Lundazi,Tembo Peter,CF,Big Tree
Eastern,Lusangazi,Banda Doctor,IND,Slasher
Eastern,Lusangazi,Banda Patrick,IND,Borehole
Eastern,Lusangazi,Banda William,IND,Traditional Drum
Eastern,Lusangazi,Daka Geofrey,NRPUP,A Lamp
Eastern,Lusangazi,Mwanza Cosmas,UPND,Palm with raised thumb
Eastern,Mambwe,Kaleya Zephenia,LDP,Farmer ploughing with cattle
Eastern,Mambwe,Mwale Loyd,IND,Borehole
Eastern,Mambwe,Mwanza Weston,IND,Candle
Eastern,Mambwe,Mwape Henry,UPND,Palm with raised thumb
Eastern,Mambwe,Zulu Stephen,NRPUP,A Lamp
Eastern,Nyimba,Daka Cosmas,IND,Whistle
Eastern,Nyimba,Nyendwa Jeremiah M,UPND,Palm with raised thumb
Eastern,Nyimba,Sakala Shelly M,NRPUP,A Lamp
Eastern,Petauke,Lungu James,IND,Spoon
Eastern,Petauke,Mawere Nelson,UPND,Palm with raised thumb
Eastern,Petauke,Mwanza John P,SP,A Crossed Shovel and Axe
Eastern,Petauke,Ngoma Paul,RP,An Orange Sack Bag
Eastern,Petauke,Nkole Mutale,CF,Big Tree
Eastern,Petauke,Phiri Hope,NRPUP,A Lamp
Eastern,Petauke,Phiri Kelvin,IND,Candle
Eastern,Sinda,Banda Agripa L,NRPUP,A Lamp
Eastern,Sinda,Banda George W,IND,Plate
Eastern,Sinda,Banda Methadio,UPND,Palm with raised thumb
Eastern,Vubwi,Banda Isaac C,NRPUP,A Lamp
Eastern,Vubwi,Kwenda Chipiliro,UPND,Palm with raised thumb
Eastern,Vubwi,Mwale Paul A,IND,Borehole
Eastern,Vubwi,Zulu Debby,IND,Spoon
Luapula,Chembe,Chisala Joseph,UPND,Palm with raised thumb
Luapula,Chembe,Chisenga Micheal M,SP,A Crossed Shovel and Axe
Luapula,Chembe,Mwaba Fighton N,NRPUP,A Lamp
Luapula,Chienge,Kabosha Philimon,CF,Big Tree
Luapula,Chienge,Kapambwe Deoh,UPND,Palm with raised thumb
Luapula,Chienge,Salangeta Howard,NRPUP,A Lamp
Luapula,Chifunabuli,Chanda Mike,CF,Big Tree
Luapula,Chifunabuli,Chisenga Margaret,IND,Traditional Drum
Luapula,Chifunabuli,Kalonga Joseph M,NRPUP,A Lamp
Luapula,Chifunabuli,Kapwepwe Innocent K,UPND,Palm with raised thumb
Luapula,Chipili,Chikota Sweaven,UPND,Palm with raised thumb
Luapula,Chipili,Kasakula Ben,NRPUP,A Lamp
Luapula,Chipili,Lengwe Josphat,CF,Big Tree
Luapula,Kawambwa,Chilolo Lameck,SP,A Crossed Shovel and Axe
Luapula,Kawambwa,Kapilila James,NRPUP,A Lamp
Luapula,Kawambwa,Katongo Moses,UPND,Palm with raised thumb
Luapula,Lunga,Bulanko James,NRPUP,A Lamp
Luapula,Lunga,Chanda Joshua,IND,Scissors
Luapula,Lunga,Chilekwa Castro,CF,Big Tree
Luapula,Lunga,Chipulu Steven,UPND,Palm with raised thumb
Luapula,Lunga,Mulenga Daniel C,UPND,Palm with raised thumb
Luapula,Lunga,Musonda Jasper,NRPUP,A Lamp
Luapula,Mansa,Chenga Alex,IND,Traditional Drum
Luapula,Mansa,Chiluba Annette,UPPZ,"A graduation cap, cabbage and two cattle head"
Luapula,Mansa,Kalaba Newton,UPND,Palm with raised thumb
Luapula,Mansa,Kalumba Besa M,NRPUP,A Lamp
Luapula,Mansa,Kapusa Mwaba,IND,Steering wheel
Luapula,Milenge,Kabati Kennedy,UPND,Palm with raised thumb
Luapula,Milenge,Musonda Emmanuel,NRPUP,A Lamp
Luapula,Milenge,Mwanza Stanley,SP,A Crossed Shovel and Axe
Luapula,Milenge,Nyemba Dominic L,IND,Radio
Luapula,Mwansabombwe,Lukwesa Zebedy,IND,Candle
Luapula,Mwansabombwe,Milambo Ngosa,NRPUP,A Lamp
Luapula,Mwansabombwe,Sikazwe Morton,UPND,Palm with raised thumb
Luapula,Mwense,Chabala Fastone,UPND,Palm with raised thumb
Luapula,Mwense,Chishala Jackson,IND,Spoon
Luapula,Mwense,Mwelwa Charles,NRPUP,A Lamp
Luapula,Nchelenge,Kainga Mwale M,RP,An Orange Sack Bag
Luapula,Nchelenge,Mukanshi Joseph K,UPND,Palm with raised thumb
Luapula,Nchelenge,Mulenga Cecilia,IND,Borehole
Luapula,Nchelenge,Mwewa Justine N,NRPUP,A Lamp
Luapula,Samfya,Chalwe Damson,CF,Big Tree
Lusaka,Chilanga,Hamusonde Mpundu,IND,Spoon
Lusaka,Chilanga,Kapungwe Aaron,IND,Borehole
Lusaka,Chilanga,Mulunda Buumba B,UPND,Palm with raised thumb
Lusaka,Chilanga,Nyambe Richard,RP,An Orange Sack Bag
Lusaka,Chongwe,Kaleya Oscar,NRPUP,A Lamp
Lusaka,Chongwe,Sashi Frederick,UPND,Palm with raised thumb
Lusaka,Kafue,Chisala Charles K,CF,Big Tree
Lusaka,Kafue,Maiya Luvious M,IND,Window
Lusaka,Kafue,Moonga Evans,NRPUP,A Lamp
Lusaka,Kafue,Mwila Milton,IND,Traditional Drum
Lusaka,Kafue,Zulu Venna,UPND,Palm with raised thumb
Lusaka,Luangwa,Banda Loveness,UPND,Palm with raised thumb
Lusaka,Luangwa,Njovu Charity,NRPUP,A Lamp
Lusaka,Luangwa,Tembo Given,SP,A Crossed Shovel and Axe
Lusaka,Lusaka,Banda Namuchiya C,IND,Spoon
Lusaka,Lusaka,Kabole Chrispin,IND,Plate
Lusaka,Lusaka,Kibombwe Gabriel I,NRPUP,A Lamp
Lusaka,Lusaka,Mwewa Chitambala,UPND,Palm with raised thumb
Lusaka,Lusaka,Mwila Simon,IND,Candle
Lusaka,Lusaka,Nyirenda David,CF,Big Tree
Lusaka,Rufunsa,Chikatula Ireen,UPND,Palm with raised thumb
Lusaka,Rufunsa,Kalambalala Bartholomew,NRPUP,A Lamp
Lusaka,Rufunsa,Musopelo Lawrence,IND,Borehole
Muchinga,Chama,Mulemena Mildred,UPND,Palm with raised thumb
Muchinga,Chama,Ngulube Genious,NRPUP,A Lamp
Muchinga,Chinsali,Chitondo Martin,NRPUP,A Lamp
Muchinga,Chinsali,Kalenga Kelvin,IND,Plate
Muchinga,Chinsali,Muchemwa Samson,IND,Spoon
Muchinga,Chinsali,Mulenga Belinda,UPND,Palm with raised thumb
Muchinga,Chinsali,Mutambo Musa,IND,Radio
Muchinga,Isoka,Kaminsa Costantino M,SP,A Crossed Shovel and Axe
Muchinga,Isoka,Siame Bright,UPND,Palm with raised thumb
Muchinga,Isoka,Sikana Danny M,IND,Radio
Muchinga,Isoka,Silumbu Shadrick,CF,Big Tree
Muchinga,Isoka,Silwimba Arredy,NRPUP,A Lamp
Muchinga,Kanchibiya,Bwalya Brian,UPND,Palm with raised thumb
Muchinga,Kanchibiya,Chileshe Victor,CF,Big Tree
Muchinga,Kanchibiya,Chiluba Titus M,NRPUP,A Lamp
Muchinga,Kanchibiya,Kachingwe Silack,IND,Bed
Muchinga,Kanchibiya,Makasa Francis C,IND,Whistle
Muchinga,Kanchibiya,Mulenga Chiluba,SP,A Crossed Shovel and Axe
Muchinga,Kanchibiya,Nsofwa Kelly P,IND,Borehole
Muchinga,Lavushimanda,Chisenga Yvonne C,NRPUP,A Lamp
Muchinga,Lavushimanda,Kapotwe Alfred Y,IND,Violin
Muchinga,Lavushimanda,Malama Maximos,OPP,Gift Box
Muchinga,Lavushimanda,Mbulo Evans C,IND,Spoon
Muchinga,Lavushimanda,Mooya Philimon,IND,Borehole
Muchinga,Lavushimanda,Mwansa Kennedy M,UPND,Palm with raised thumb
Muchinga,Mafinga,Chilongo Isaac,SP,A Crossed Shovel and Axe
Muchinga,Mafinga,Sikwinza Bilton,UPND,Palm with raised thumb
Muchinga,Mafinga,Sinkala James,NRPUP,A Lamp
Muchinga,Mpika,Chikumba Wilfred F,CF,Big Tree
Muchinga,Mpika,Chilumba Chola,NRPUP,A Lamp
Muchinga,Mpika,Kabaso Habyboy,IND,Slasher
Muchinga,Mpika,Kabungo Samuel M,UPND,Palm with raised thumb
Muchinga,Mpika,Kasonde Abraham,RP,An Orange Sack Bag
Muchinga,Mpika,Musukwa Donald M,IND,Steering wheel
Muchinga,Nakonde,Mugala Muwemba,NRPUP,A Lamp
Muchinga,Nakonde,Saini Mabvuto,IND,Borehole
Muchinga,Nakonde,Simfukwe Henry P,UPND,Palm with raised thumb
Muchinga,Shiwan'gandu,Kunda Vincent B,NRPUP,A Lamp
Muchinga,Shiwan'gandu,Mwila Festus,UPND,Palm with raised thumb
Muchinga,Shiwan'gandu,Ngosa Robert,CF,Big Tree
North-western,Chavuma,Kasoka Kamiji K,NRPUP,A Lamp
North-western,Chavuma,Lufupa Kangwanda,NCP,Chair
North-western,Chavuma,Mbaulu Bickson H,IND,Steering wheel
North-western,Chavuma,Singoyi Kawina,UPND,Palm with raised thumb
North-western,Ikelenge,Kabola Davies,IND,Whistle
North-western,Ikelenge,Kanema Falls,UPND,Palm with raised thumb
North-western,Ikelenge,Muvumanga Yowanu,NRPUP,A Lamp
North-western,Kabompo,Kalesa Miyutu,IND,Steering wheel
North-western,Kabompo,Kasoka Patrick N,IND,Borehole
North-western,Kabompo,Malumo Silumesi,NRPUP,A Lamp
North-western,Kabompo,Shiwoma Nellan,UPND,Palm with raised thumb
North-western,Kalumbila,Kokela Moses,IND,Slasher
North-western,Kalumbila,Mukoya Vincent K,IND,Window
North-western,Kalumbila,Munjunga Shadrick,UPND,Palm with raised thumb
North-western,Kalumbila,Shayama Davies M,IND,Traditional Drum
North-western,Kasempa,Kayumba Lawrence,IND,Spoon
North-western,Kasempa,Lweleka Ronald C,IND,Traditional Drum
North-western,Kasempa,Mulemwa Mushoke,IND,Steering wheel
North-western,Kasempa,Nkumba Jacob,UPPZ,"A graduation cap, cabbage and two cattle head"
North-western,Kasempa,Nshimbami Joshua S,UPND,Palm with raised thumb
North-western,Manyinga,Ding'ombi Doris,UPND,Palm with raised thumb
North-western,Manyinga,Kamalamba Given,IND,Borehole
North-western,Manyinga,Kamboyi Bernard,IND,Slasher
North-western,Manyinga,Kauya Tresphord S,IND,Whistle
North-western,Mufumbwe,Kulaunda Kellies,UPND,Palm with raised thumb
North-western,Mufumbwe,Mulaisho Francis,IND,Whistle
North-western,Mufumbwe,Muswenyesa Goodson,IND,Traditional Drum
North-western,Mufumbwe,Ntabo Damson,IND,Borehole
North-western,Mufumbwe,Solochi Kayawe K,IND,Steering wheel
North-western,Mushindamo,Chalata Rex B,IND,Plate
North-western,Mushindamo,Makomelo Isabel,NRPUP,A Lamp
North-western,Mushindamo,Musonda Ivy,UPND,Palm with raised thumb
North-western,Mushindamo,Ng'ambo Benson,IND,Spoon
North-western,Mwinilunga,Kutanga Grace,IND,Spoon
North-western,Mwinilunga,Samalowa Kenson,UPND,Palm with raised thumb
North-western,Solwezi,Kalepa Remmy,UPND,Palm with raised thumb
North-western,Solwezi,Kapumba Adrian,NRPUP,A Lamp
North-western,Solwezi,Lubelenga Evans,IND,Radio
North-western,Zambezi,Njolomba George,UPND,Palm with raised thumb
North-western,Zambezi,Sapilinya Godrick,IND,Borehole
Northern,Chilubi,Chanda Ernest,UPND,Palm with raised thumb
Northern,Chilubi,Chisala Gladwell,NRPUP,A Lamp
Northern,Chilubi,Chisupa Remmy,CF,Big Tree
Northern,Chilubi,Chota Gilbert,IND,Plate
Northern,Chilubi,Mwambo Emmanuel L,IND,Television (TV)
Northern,Kaputa,Chabilikila Isaac C,NRPUP,A Lamp
Northern,Kaputa,Chola Kennedy,UPND,Palm with raised thumb
Northern,Kaputa,Kalumba Goodwin,IND,Borehole
Northern,Kasama,Bwalya Maggie,SP,A Crossed Shovel and Axe
Northern,Kasama,Simposya Bywell,UPND,Palm with raised thumb
Northern,Kasama,Yuda Peter C,NRPUP,A Lamp
Northern,Kasama,Zimba Aaron,CF,Big Tree
Northern,Lunte,Chambanenge Christopher,UPND,Palm with raised thumb
Northern,Lunte,Chibale Chibeti S,NRPUP,A Lamp
Northern,Lunte,Chikwanda George,IND,Plate
Northern,Lupososhi,Chungu Boniface C,UPND,Palm with raised thumb
Northern,Lupososhi,Mulenga Justine,SP,A Crossed Shovel and Axe
Northern,Lupososhi,Mwaba Gervas,CF,Big Tree
Northern,Lupososhi,Mwansa Kelvin,NRPUP,A Lamp
Northern,Luwingu,Bowa Simon C,UPND,Palm with raised thumb
Northern,Luwingu,Chanda Patrick,NRPUP,A Lamp
Northern,Mbala,Chele Mary,SP,A Crossed Shovel and Axe
Northern,Mbala,Kafata Lackson,CF,Big Tree
Northern,Mbala,Mulwanda Felix,UPND,Palm with raised thumb
Northern,Mbala,Simutenda Steward,NRPUP,A Lamp
Northern,Mbala,Siuluta Edgar M,IND,Borehole
Northern,Mbala,Soloka Paul S,IND,Whistle
Northern,Mporokoso,Chanda Evans,NRPUP,A Lamp
Northern,Mporokoso,Lushinga Daniel C,IND,Borehole
Northern,Mporokoso,Yambayamba Mateo,UPND,Palm with raised thumb
Northern,Mpulungu,Bwali Kingsley C,IND,Borehole
Northern,Mpulungu,Chifunda Keagan,RP,An Orange Sack Bag
Northern,Mpulungu,Simfukwe Chalwe L,UPND,Palm with raised thumb
Northern,Mpulungu,Tembo George C,NRPUP,A Lamp
Northern,Mungwi,Chanda Andrew,UPND,Palm with raised thumb
Northern,Mungwi,Mulenga Emmanuel C,SP,A Crossed Shovel and Axe
Northern,Mungwi,Mumba Henry B,NRPUP,A Lamp
Northern,Mungwi,Mushipi Patrick C,ZMP,A Traditional Thatched hat
Northern,Nsama,Chishimba Paul,NRPUP,A Lamp
Northern,Nsama,Makungu Fred,UPND,Palm with raised thumb
Northern,Nsama,Tambule William,SP,A Crossed Shovel and Axe
Northern,Senga Hill,Sichinsambwe Reuben,SP,A Crossed Shovel and Axe
Northern,Senga Hill,Sikazwe Nondo A,NRPUP,A Lamp
Northern,Senga Hill,Silavwe Emmanuel M,IND,Borehole
Northern,Senga Hill,Simbeya Harold,ZMP,A Traditional Thatched hat
Northern,Senga Hill,Sinsato Levy,UPND,Palm with raised thumb
Southern,Chikankata,Muyangana Valarie N,UPND,Palm with raised thumb
Southern,Chikankata,Sichikata Obby,IND,Whistle
Southern,Chirundu,Chisulo Victor,RP,An Orange Sack Bag
Southern,Chirundu,Hakooma Lucky S,IND,Scissors
Southern,Chirundu,Njobvu Ackras,IND,Steering wheel
Southern,Chirundu,Takawila Kikayoni,SP,A Crossed Shovel and Axe
Southern,Chirundu,Zibowa Ambrogio P,UPND,Palm with raised thumb
Southern,Choma,Hamahuwa Lushomo D,NRPUP,A Lamp
Southern,Choma,Mweemba Honest M,UPND,Palm with raised thumb
Southern,Gwembe,Machika Lanswell,IND,Borehole
Southern,Gwembe,Sibuumbu Canicious,UPND,Palm with raised thumb
Southern,Itezhi-tezhi,Kandundwe Derrick K,UPND,Palm with raised thumb
Southern,Itezhi-tezhi,Mtolo Coster C,NRPUP,A Lamp
Southern,Itezhi-tezhi,Sitengu Oliver,IND,Borehole
Southern,Kalomo,Siamafuwa Titus,UPND,Palm with raised thumb
Southern,Kazungula,Mwampole Kashawindo B,IND,Whistle
Southern,Kazungula,Siansundi Osward,IND,Borehole
Southern,Kazungula,Simukoko Stanley H,NRPUP,A Lamp
Southern,Kazungula,Tatila Mbozi R,UPND,Palm with raised thumb
Southern,Livingstone,Hanakamba Bright,UPND,Palm with raised thumb
Southern,Livingstone,Imasiku George N,NRPUP,A Lamp
Southern,Livingstone,Kayuma Benson S,IND,Whistle
Southern,Mazabuka,Muleya Kelvin,UPND,Palm with raised thumb
Southern,Monze,Chilala Venoria,UPND,Palm with raised thumb
Southern,Namwala,Moonga Abel M,UPND,Palm with raised thumb
Southern,Namwala,Shanungu Athania,IND,Steering wheel
Southern,Pemba,Mwiinga Matongo B,UPND,Palm with raised thumb
Southern,Siavonga,Syakalima Dallas M,UPND,Palm with raised thumb
Southern,Sinazongwe,Chifumba Oscar,IND,Borehole
Southern,Sinazongwe,Siachibweka Cliff R,UPND,Palm with raised thumb
Southern,Zimba,Kasiya Coster,UPND,Palm with raised thumb
Western,Kalabo,Banji Ossen,IND,Plate
Western,Kalabo,Kaywa Muyambango E,UPND,Palm with raised thumb
Western,Kalabo,Kazungo Biemba,NRPUP,A Lamp
Western,Kaoma,Chingelesu Ruth M,NRPUP,A Lamp
Western,Kaoma,Chingumbe Janet S,IND,Borehole
Western,Kaoma,Mupishi Kausheni N,UPND,Palm with raised thumb
Western,Kaoma,Nyaumba Watson,IND,Whistle
Western,Limulunga,Lubinda Muyunda,UPND,Palm with raised thumb
Western,Limulunga,Silembe Sitali,SP,A Crossed Shovel and Axe
Western,Limulunga,Yeta Watae,NRPUP,A Lamp
Western,Luampa,Lyomboko Pumulo,IND,Radio
Western,Luampa,Masapi Susan,IND,Spoon
Western,Luampa,Mbambi Chinengu,UPND,Palm with raised thumb
Western,Lukulu,Kalwena Kambala,IND,Spoon
Western,Lukulu,Kanchaha Boyd K,UPND,Palm with raised thumb
Western,Lukulu,Kasemuka Chrispin W,IND,Borehole
Western,Lukulu,Lutangu Monde,IND,Plate
Western,Mitete,Chinyemba Mafo,IND,Window
Western,Mitete,Kalaluka Simangolwa C,UPND,Palm with raised thumb
Western,Mitete,Mutoshi Mutoshi,IND,Candle
Western,Mitete,Ngenda Joseph,NRPUP,A Lamp
Western,Mongu,Kashumba Betty,NRPUP,A Lamp
Western,Mongu,Lishebo Mwenda A,SP,A Crossed Shovel and Axe
Western,Mongu,Mubiana Siwasanyambe,UPND,Palm with raised thumb
Western,Mongu,Mukubesa Nosiku,IND,Whistle
Western,Mulobezi,Kamocha Mizhi,UPND,Palm with raised thumb
Western,Mulobezi,Kayombo Chipipa,IND,Plate
Western,Mulobezi,Mwitumwa Raphael K,IND,Whistle
Western,Mulobezi,Sinonge Sharon N,SP,A Crossed Shovel and Axe
Western,Mwandi,Kabilima Moses M,IND,Candle
Western,Mwandi,Sankondo Balumbi F,UPND,Palm with raised thumb
Western,Nalolo,Inambao Mukumbuta,SP,A Crossed Shovel and Axe
Western,Nalolo,Kolyokolyo Limakazo,IND,Bed
Western,Nalolo,Mbututu Mbangu,IND,Plate
Western,Nalolo,Ngombo Joseph,IND,Slasher
Western,Nalolo,Shishau Patisha,UPND,Palm with raised thumb
Western,Nkeyema,Chitoti Rayford,UPND,Palm with raised thumb
Western,Nkeyema,Kabanda Nsamba,IND,Steering wheel
Western,Nkeyema,Lunenge Makweti C,IND,Traditional Drum
Western,Nkeyema,Mukonda Kababu,ZMP,A Traditional Thatched hat
Western,Senanga,Hankomo Muumbe,NRPUP,A Lamp
Western,Senanga,Mwiya Inambao M,UPND,Palm with raised thumb
Western,Sesheke,Muzungu Henry M,NRPUP,A Lamp
Western,Sesheke,Zambwe Veronica,UPND,Palm with raised thumb
Western,Shangombo,Mukela Kunyanda,ZMP,A Traditional Thatched hat
Western,Shangombo,Nakweti Humphrey M,UPND,Palm with raised thumb
Western,Shangombo,Sikwela Sitongo,IND,Plate
Western,Sikongo,Kashinji Siyoto,UPND,Palm with raised thumb
Western,Sikongo,Likubangu Sitali F,SP,A Crossed Shovel and Axe
Western,Sikongo,Namasiku Kahilu,IND,Spoon
Western,Sioma,Kawanga Liwanga,IND,Plate
Western,Sioma,Keba Lyamba,IND,Spoon
Western,Sioma,Malalu Chingumbe M,UPND,Palm with raised thumb
Western,Sioma,Mangolwa Mwanamwalye,IND,Radio
Western,Sioma,Namawa Sililo,IND,Borehole
